pair,group,seed,step,seconds,loss,mean_iou,view1_iou,view2_iou,patches,overlap,overlap_repaired_pairs
cat_face_bass,basic,0,1,2.279,0.872196,0.255926,0.250617,0.261235,30,0.00051687,0,0.167351,0.134854,0.199848,0.644506,0.678358,0.610653,0.298928,0.284414,0.313443,0.033650,0.045387,0.171863,0.165257,0.000000,0,0,0,0,0
cat_face_bass,basic,0,25,42.695,0.610649,0.405815,0.368990,0.442641,30,0.00000632,2,0.091496,0.073629,0.109363,0.830562,0.843271,0.817853,0.443604,0.396158,0.491049,0.018063,0.024675,0.136714,0.115185,0.000000,0,0,0,0,0
cat_face_bass,basic,0,50,82.877,0.470840,0.538875,0.470149,0.607601,30,0.00018143,2,0.073904,0.057323,0.090485,0.888226,0.896608,0.879844,0.579839,0.497099,0.662580,0.013978,0.020402,0.112961,0.079420,0.000000,0,0,0,0,0
cat_face_bass,basic,0,75,122.087,0.392551,0.617904,0.538505,0.697302,30,0.00044128,2,0.066306,0.054822,0.077791,0.909091,0.911982,0.906201,0.659787,0.568027,0.751546,0.013198,0.017261,0.097831,0.060215,0.000000,0,0,0,0,0
cat_face_bass,basic,0,100,161.079,0.353013,0.661039,0.572712,0.749366,30,0.00011029,3,0.064056,0.058023,0.070088,0.916116,0.912611,0.919622,0.703915,0.605942,0.801888,0.013681,0.015529,0.090593,0.049362,0.000000,0,0,0,0,0
cat_face_bass,basic,0,125,200.975,0.333983,0.685659,0.594623,0.776695,30,0.00006264,2,0.064659,0.060424,0.068894,0.917963,0.912552,0.923374,0.730379,0.630552,0.830205,0.014485,0.015103,0.086213,0.043771,0.000000,0,0,0,0,0
cat_face_bass,basic,0,150,241.072,0.314104,0.711520,0.613200,0.809840,30,0.00001234,1,0.063476,0.064026,0.062927,0.921258,0.910639,0.931877,0.756631,0.652461,0.860801,0.015720,0.014003,0.082627,0.037267,0.000000,0,0,0,0,0
cat_face_bass,basic,0,175,280.057,0.299692,0.728049,0.624146,0.831952,30,0.00007833,1,0.064517,0.068928,0.060106,0.921279,0.906360,0.936197,0.774562,0.667167,0.881957,0.016460,0.013189,0.080207,0.032550,0.000000,0,0,0,0,0
cat_face_bass,basic,0,200,318.280,0.270502,0.744302,0.665812,0.822793,30,0.00010292,0,0.055232,0.053721,0.056743,0.933806,0.928874,0.938737,0.785530,0.701581,0.869480,0.012583,0.012192,0.070291,0.033955,0.000000,0,0,0,0,0
cat_face_bass,basic,0,225,358.054,0.238979,0.767428,0.702819,0.832037,30,0.00010059,2,0.046677,0.046919,0.046436,0.944712,0.940056,0.949367,0.803234,0.735794,0.870674,0.010829,0.009671,0.062016,0.031813,0.000000,0,0,0,0,0
cat_face_bass,basic,0,250,397.280,0.219217,0.784791,0.732504,0.837078,30,0.00015586,1,0.041554,0.044918,0.038190,0.951236,0.944568,0.957905,0.817226,0.765406,0.869046,0.010568,0.007910,0.055769,0.030688,0.000000,0,0,0,0,0
cat_face_bass,basic,0,275,436.217,0.198205,0.801980,0.765554,0.838406,30,0.00012208,1,0.038819,0.040316,0.037322,0.955334,0.951817,0.958852,0.833058,0.796419,0.869697,0.009166,0.007412,0.048238,0.030099,0.000000,0,0,0,0,0
cat_face_bass,basic,0,300,475.204,0.189446,0.811643,0.780607,0.842679,30,0.00009637,1,0.038084,0.041016,0.035152,0.956607,0.951951,0.961263,0.842463,0.812625,0.872301,0.009305,0.006976,0.045110,0.029229,0.000000,0,0,0,0,0
cat_face_bass,basic,0,325,514.831,0.185795,0.821052,0.782509,0.859596,30,0.00034836,1,0.039727,0.043217,0.036237,0.955314,0.949721,0.960908,0.853536,0.816327,0.890745,0.009833,0.007529,0.044796,0.026278,0.000000,0,0,0,0,0
cat_face_bass,basic,0,350,554.008,0.182915,0.830094,0.773851,0.886338,30,0.00028653,0,0.041955,0.044418,0.039492,0.953402,0.947906,0.958898,0.864782,0.808223,0.921341,0.010353,0.008264,0.046928,0.021158,0.000000,0,0,0,0,0
cat_face_bass,basic,0,375,592.624,0.197317,0.829262,0.759301,0.899223,30,0.00002891,0,0.053472,0.059424,0.047521,0.941592,0.931210,0.951974,0.873188,0.804422,0.941955,0.013819,0.009917,0.050418,0.018560,0.000000,0,0,0,0,0
cat_face_bass,basic,0,400,631.356,0.200299,0.830579,0.758235,0.902923,30,0.00010979,1,0.056792,0.063025,0.050559,0.938438,0.927478,0.949397,0.877298,0.806022,0.948573,0.014922,0.010301,0.051009,0.017573,0.000000,0,0,0,0,0
cat_face_bass,basic,0,425,670.616,0.189575,0.845205,0.781810,0.908600,30,0.00001770,1,0.056356,0.066927,0.045785,0.939877,0.925724,0.954031,0.892167,0.834134,0.950201,0.015914,0.009673,0.045979,0.016819,0.000000,0,0,0,0,0
cat_face_bass,basic,0,450,710.034,0.189349,0.856240,0.806763,0.905717,30,0.00005559,2,0.063152,0.076831,0.049474,0.934637,0.918747,0.950526,0.909637,0.868747,0.950526,0.018508,0.010483,0.041012,0.017404,0.000000,0,0,0,0,0
cat_face_bass,basic,0,475,748.189,0.183137,0.862587,0.811747,0.913428,30,0.00005075,0,0.061886,0.079832,0.043941,0.936238,0.916527,0.955950,0.915057,0.876551,0.953564,0.019283,0.009158,0.040209,0.015789,0.000000,0,0,0,0,0
cat_face_bass,basic,0,500,786.101,0.178457,0.866178,0.816817,0.915540,30,0.00003798,0,0.061102,0.079132,0.043073,0.937232,0.917621,0.956843,0.918214,0.881453,0.954975,0.019038,0.008869,0.039072,0.015259,0.000000,0,0,0,0,0
cat_face_bass,basic,0,525,824.869,0.182555,0.863283,0.817447,0.909119,30,0.00004412,0,0.061308,0.076831,0.045785,0.936890,0.919724,0.954056,0.915498,0.880252,0.950743,0.018876,0.009481,0.039176,0.016640,0.000000,0,0,0,0,0
cat_face_bass,basic,0,550,864.580,0.185432,0.861928,0.817062,0.906794,30,0.00003762,0,0.063831,0.080032,0.047629,0.934553,0.916849,0.952257,0.916218,0.882453,0.949984,0.019383,0.009939,0.039013,0.017037,0.000000,0,0,0,0,0
cat_face_bass,basic,0,575,902.602,0.184215,0.864947,0.820304,0.909590,30,0.00007104,0,0.063831,0.080032,0.047629,0.934773,0.917150,0.952396,0.919434,0.885954,0.952913,0.019573,0.010011,0.038456,0.016647,0.000000,0,0,0,0,0
cat_face_bass,basic,0,600,941.475,0.180905,0.867049,0.823998,0.910101,30,0.00010610,0,0.062833,0.080532,0.045134,0.935876,0.917053,0.954699,0.920767,0.890356,0.951177,0.019390,0.009613,0.037461,0.016701,0.000000,0,0,0,0,0
cat_face_bass,basic,0,625,980.170,0.182832,0.866266,0.824368,0.908163,30,0.00016068,2,0.061260,0.080532,0.041988,0.937301,0.917087,0.957515,0.918526,0.890756,0.946295,0.019702,0.009406,0.037628,0.017348,0.000000,0,0,0,0,0
cat_face_bass,basic,0,650,1018.886,0.188185,0.864470,0.831610,0.897329,30,0.00031438,2,0.063841,0.083633,0.044049,0.935084,0.915075,0.955093,0.919008,0.901160,0.936856,0.020610,0.009921,0.036196,0.019623,0.000000,0,0,0,0,0
cat_face_bass,basic,0,675,1057.350,0.199725,0.858368,0.834128,0.882607,30,0.00019953,2,0.072317,0.091036,0.053597,0.927284,0.909064,0.945505,0.919988,0.910064,0.929912,0.022213,0.011456,0.035510,0.022197,0.000000,0,0,0,0,0
cat_face_bass,basic,0,700,1096.129,0.189364,0.861734,0.832507,0.890960,30,0.00010437,2,0.065603,0.089436,0.041771,0.933588,0.910241,0.956935,0.917569,0.906963,0.928176,0.021616,0.009058,0.035763,0.020540,0.000000,0,0,0,0,0
cat_face_bass,basic,0,725,1134.727,0.172303,0.866228,0.838560,0.893896,30,0.00053039,2,0.055498,0.078231,0.032766,0.943046,0.920367,0.965725,0.913674,0.904162,0.923185,0.018933,0.006765,0.034239,0.019604,0.000000,0,0,0,0,0
cat_face_bass,basic,0,750,1173.977,0.161057,0.870944,0.844444,0.897444,30,0.00039643,2,0.049330,0.071429,0.027232,0.949068,0.926829,0.971308,0.913323,0.904762,0.921883,0.017328,0.005582,0.032891,0.018861,0.000000,0,0,0,0,0
cat_face_bass,basic,0,775,1213.199,0.155278,0.875267,0.848471,0.902062,30,0.00009164,3,0.047675,0.069528,0.025822,0.950844,0.928835,0.972853,0.916409,0.907463,0.925355,0.017050,0.005070,0.032157,0.017800,0.000000,0,0,0,0,0
cat_face_bass,basic,0,800,1251.793,0.150570,0.879290,0.851377,0.907203,30,0.00002621,0,0.046211,0.068227,0.024194,0.952419,0.930216,0.974622,0.919308,0.909464,0.929153,0.016733,0.004872,0.031358,0.016912,0.000000,0,0,0,0,0
cat_face_bass,basic,0,825,1290.294,0.149093,0.879676,0.853217,0.906134,30,0.00001218,1,0.045356,0.066627,0.024086,0.953242,0.931783,0.974701,0.919012,0.910064,0.927959,0.016203,0.004899,0.031008,0.017157,0.000000,0,0,0,0,0
cat_face_bass,basic,0,850,1329.308,0.147355,0.882866,0.856902,0.908830,30,0.00001394,1,0.044638,0.068227,0.021048,0.954228,0.930635,0.977821,0.921663,0.915366,0.927959,0.016551,0.004630,0.030189,0.017008,0.000000,0,0,0,0,0
cat_face_bass,basic,0,875,1368.273,0.145591,0.881939,0.857196,0.906681,30,0.00000332,1,0.044668,0.066226,0.023109,0.954064,0.932435,0.975693,0.920800,0.913966,0.927634,0.015997,0.004630,0.029909,0.017102,0.000000,0,0,0,0,0
cat_face_bass,basic,0,900,1406.418,0.147887,0.880488,0.857585,0.903390,30,0.00000469,0,0.044910,0.065626,0.024194,0.953758,0.933000,0.974517,0.919556,0.913866,0.925247,0.015959,0.005026,0.029946,0.017765,0.000000,0,0,0,0,0
cat_face_bass,basic,0,925,1444.433,0.145876,0.882844,0.860834,0.904853,30,0.00000534,0,0.044302,0.064626,0.023977,0.954452,0.934129,0.974775,0.921508,0.916467,0.926549,0.015816,0.005021,0.029344,0.017546,0.000000,0,0,0,0,0
cat_face_bass,basic,0,950,1482.706,0.142634,0.883766,0.861169,0.906363,30,0.00000228,0,0.044068,0.065026,0.023109,0.954740,0.933795,0.975685,0.922238,0.917167,0.927308,0.015744,0.004527,0.029082,0.016895,0.000000,0,0,0,0,0
cat_face_bass,basic,0,975,1520.869,0.143062,0.885467,0.863568,0.907366,30,0.00000365,0,0.044539,0.065426,0.023652,0.954389,0.933611,0.975168,0.924448,0.920068,0.928827,0.015988,0.004804,0.028634,0.016906,0.000000,0,0,0,0,0
cat_face_bass,basic,0,1000,1559.209,0.141996,0.885928,0.865088,0.906767,30,0.00000283,0,0.043859,0.064826,0.022892,0.955083,0.934253,0.975913,0.924347,0.921168,0.927525,0.015826,0.004694,0.028346,0.017001,0.000000,0,0,0,0,0
cat_face_bass,basic,0,1025,1597.339,0.142119,0.886699,0.865928,0.907470,30,0.00000159,0,0.043992,0.065526,0.022459,0.955029,0.933691,0.976367,0.925260,0.922669,0.927851,0.015939,0.004721,0.028118,0.017117,0.000000,0,0,0,0,0
cat_face_bass,basic,0,1050,1635.700,0.140605,0.887163,0.867682,0.906644,30,0.00000610,0,0.044197,0.064526,0.023869,0.954818,0.934703,0.974932,0.925977,0.923669,0.928285,0.015789,0.004677,0.027760,0.016958,0.000000,0,0,0,0,0
cat_face_bass,basic,0,1075,1673.903,0.139258,0.890029,0.870051,0.910007,30,0.00008337,0,0.044288,0.066226,0.022350,0.954954,0.933367,0.976540,0.929009,0.927671,0.930346,0.016118,0.004577,0.027312,0.016420,0.000000,0,0,0,0,0
cat_face_bass,basic,0,1100,1712.359,0.137696,0.891592,0.872780,0.910403,30,0.00016356,0,0.043375,0.064726,0.022025,0.955880,0.934883,0.976877,0.929863,0.929272,0.930455,0.015729,0.004736,0.026699,0.016511,0.000000,0,0,0,0,0
cat_face_bass,basic,0,1125,1750.549,0.137985,0.893476,0.875305,0.911646,30,0.00013457,0,0.044559,0.066226,0.022892,0.954890,0.933740,0.976039,0.932895,0.933273,0.932516,0.016238,0.004849,0.026297,0.016289,0.000000,0,0,0,0,0
cat_face_bass,basic,0,1150,1789.286,0.140642,0.894693,0.877136,0.912251,30,0.00019212,0,0.047645,0.071529,0.023760,0.952234,0.929278,0.975190,0.936901,0.939876,0.933926,0.017501,0.005037,0.025865,0.016216,0.000000,0,0,0,0,0
cat_face_bass,basic,0,1175,1828.476,0.138193,0.897242,0.881974,0.912509,30,0.00013287,0,0.048266,0.072229,0.024303,0.951850,0.929042,0.974658,0.940182,0.945678,0.934686,0.017428,0.005146,0.024633,0.016200,0.000000,0,0,0,0,0
cat_face_bass,basic,0,1200,1867.148,0.136775,0.898998,0.885543,0.912454,30,0.00016707,0,0.046740,0.069828,0.023652,0.953328,0.931353,0.975303,0.940707,0.947379,0.934035,0.017219,0.005147,0.024105,0.016267,0.000000,0,0,0,0,0
cat_face_bass,basic,0,1225,1906.101,0.137469,0.899275,0.891396,0.907153,30,0.00016217,1,0.048422,0.068527,0.028317,0.951711,0.932883,0.970538,0.942661,0.952481,0.932841,0.016869,0.006085,0.022771,0.017214,0.000000,0,0,0,0,0
cat_face_bass,basic,0,1250,1945.764,0.134199,0.900500,0.896805,0.904195,30,0.00012660,1,0.046914,0.064426,0.029402,0.953077,0.936776,0.969379,0.942681,0.954582,0.930780,0.015857,0.006261,0.021569,0.017838,0.000000,0,0,0,0,0
cat_face_bass,basic,0,1275,1985.273,0.142931,0.896232,0.897727,0.894737,30,0.00008536,1,0.052088,0.065226,0.038950,0.947966,0.936147,0.959785,0.942935,0.956283,0.929587,0.015948,0.008338,0.021326,0.019752,0.000000,0,0,0,0,0
cat_face_bass,basic,0,1300,2024.671,0.145953,0.894259,0.901094,0.887423,30,0.00007284,0,0.052862,0.061024,0.044700,0.947002,0.940002,0.954002,0.941587,0.956082,0.927091,0.014932,0.009868,0.020487,0.021465,0.000000,0,0,0,0,0
cat_face_bass,basic,0,1325,2063.237,0.143322,0.895265,0.901537,0.888993,30,0.00008385,0,0.052278,0.060724,0.043832,0.947593,0.940291,0.954896,0.942121,0.956283,0.927959,0.014666,0.009558,0.020345,0.021007,0.000000,0,0,0,0,0
cat_face_bass,basic,0,1350,2102.361,0.137898,0.898676,0.904942,0.892410,30,0.00008099,1,0.049705,0.058723,0.040686,0.950139,0.942247,0.958030,0.943401,0.958083,0.928719,0.014112,0.009018,0.019524,0.020484,0.000000,0,0,0,0,0
cat_face_bass,basic,0,1375,2140.502,0.137797,0.897439,0.902850,0.892027,30,0.00013481,0,0.048767,0.056523,0.041011,0.950882,0.944059,0.957704,0.941246,0.953882,0.928610,0.013737,0.009047,0.019922,0.020449,0.000000,0,0,0,0,0
cat_face_bass,basic,0,1400,2178.613,0.133882,0.899718,0.904622,0.894814,30,0.00011997,1,0.047966,0.056222,0.039709,0.951746,0.944428,0.959065,0.942914,0.955482,0.930346,0.013673,0.008447,0.019611,0.019638,0.000000,0,0,0,0,0
cat_face_bass,basic,0,1425,2216.714,0.117153,0.908567,0.906895,0.910239,30,0.00012659,0,0.039395,0.056222,0.022567,0.960444,0.944560,0.976329,0.944332,0.957883,0.930780,0.013551,0.004761,0.019049,0.016595,0.000000,0,0,0,0,0
cat_face_bass,basic,0,1450,2254.733,0.117996,0.907577,0.905628,0.909525,30,0.00012193,0,0.039357,0.055822,0.022892,0.960412,0.944840,0.975985,0.943264,0.956182,0.930346,0.013410,0.004925,0.019316,0.016720,0.000000,0,0,0,0,0
cat_face_bass,basic,0,1475,2292.727,0.121884,0.904086,0.902414,0.905758,30,0.00012780,0,0.041915,0.056923,0.026907,0.957783,0.943680,0.971885,0.941955,0.953782,0.930129,0.013715,0.005295,0.020013,0.017122,0.000000,0,0,0,0,0
cat_face_bass,basic,0,1500,2330.207,0.123010,0.904182,0.902434,0.905930,30,0.00015384,0,0.043348,0.060224,0.026473,0.956551,0.940783,0.972320,0.943347,0.956783,0.929912,0.014407,0.005131,0.020012,0.017017,0.000000,0,0,0,0,0
cat_face_bass,basic,0,1525,2367.864,0.119404,0.907991,0.905703,0.910278,30,0.00011726,0,0.039765,0.057723,0.021808,0.960130,0.943170,0.977091,0.944056,0.957983,0.930129,0.013846,0.004958,0.019304,0.016851,0.000000,0,0,0,0,0
cat_face_bass,basic,0,1550,2405.996,0.118559,0.907583,0.905303,0.909862,30,0.00011124,0,0.039766,0.056423,0.023109,0.960033,0.944291,0.975776,0.943636,0.956383,0.930889,0.013591,0.004900,0.019428,0.016699,0.000000,0,0,0,0,0
cat_face_bass,basic,0,1575,2444.532,0.116250,0.907466,0.906063,0.908869,30,0.00010997,0,0.037902,0.054322,0.021482,0.961790,0.946195,0.977384,0.941838,0.955282,0.928393,0.012982,0.004627,0.019132,0.016943,0.000000,0,0,0,0,0
cat_face_bass,basic,0,1600,2483.406,0.117659,0.907172,0.907306,0.907038,30,0.00008607,0,0.038983,0.054422,0.023543,0.960722,0.946176,0.975268,0.942538,0.956683,0.928393,0.013071,0.004980,0.018984,0.017251,0.000000,0,0,0,0,0
cat_face_bass,basic,0,1625,2521.780,0.115041,0.908253,0.906941,0.909564,30,0.00011286,0,0.037827,0.053521,0.022133,0.961852,0.946956,0.976747,0.942589,0.955482,0.929695,0.012830,0.004622,0.018998,0.016668,0.000000,0,0,0,0,0
cat_face_bass,basic,0,1650,2560.032,0.114458,0.909446,0.908702,0.910191,30,0.00010591,0,0.036973,0.051921,0.022025,0.962676,0.948481,0.976871,0.943060,0.955882,0.930238,0.012548,0.004800,0.018721,0.016786,0.000000,0,0,0,0,0
cat_face_bass,basic,0,1675,2598.471,0.113921,0.908606,0.908478,0.908734,30,0.00011088,0,0.038036,0.053721,0.022350,0.961686,0.946863,0.976508,0.943164,0.957283,0.929044,0.012904,0.004390,0.018713,0.016591,0.000000,0,0,0,0,0
cat_face_bass,basic,0,1700,2637.028,0.109758,0.910132,0.912956,0.907307,30,0.00010741,0,0.035010,0.047019,0.023001,0.964468,0.953117,0.975818,0.942029,0.955882,0.928176,0.011475,0.004583,0.017901,0.016867,0.000000,0,0,0,0,0
cat_face_bass,basic,0,1725,2675.568,0.106097,0.911953,0.914835,0.909072,30,0.00011483,0,0.033996,0.046619,0.021374,0.965535,0.953572,0.977499,0.942992,0.957483,0.928502,0.011220,0.004113,0.017351,0.016491,0.000000,0,0,0,0,0
cat_face_bass,basic,0,1750,2714.025,0.106218,0.912356,0.915120,0.909593,30,0.00018366,0,0.033938,0.045418,0.022459,0.965549,0.954677,0.976421,0.943352,0.956683,0.930021,0.011076,0.004390,0.017288,0.016425,0.000000,0,0,0,0,0
cat_face_bass,basic,0,1775,2752.550,0.105019,0.914171,0.918865,0.909477,30,0.00024720,0,0.034584,0.046819,0.022350,0.965056,0.953585,0.976527,0.945844,0.961885,0.929804,0.011203,0.004388,0.016482,0.016451,0.000000,0,0,0,0,0
cat_face_bass,basic,0,1800,2791.470,0.106751,0.915505,0.918642,0.912368,30,0.00041586,0,0.033299,0.046419,0.020180,0.966358,0.953936,0.978779,0.946032,0.961285,0.930780,0.011335,0.004613,0.016746,0.016549,0.000000,0,0,0,0,0
cat_face_bass,basic,0,1825,2830.357,0.102937,0.914844,0.916627,0.913062,30,0.00059678,1,0.031127,0.043918,0.018336,0.968389,0.956118,0.980661,0.943343,0.956883,0.929804,0.010645,0.003986,0.016891,0.016080,0.000000,0,0,0,0,0
cat_face_bass,basic,0,1850,2869.453,0.105002,0.914193,0.916762,0.911624,30,0.00049656,0,0.032899,0.045618,0.020180,0.966667,0.954573,0.978762,0.944302,0.958583,0.930021,0.011010,0.004327,0.016908,0.016248,0.000000,0,0,0,0,0
cat_face_bass,basic,0,1875,2908.230,0.104400,0.914273,0.916866,0.911680,30,0.00043834,0,0.033875,0.046919,0.020831,0.965753,0.953398,0.978107,0.945278,0.959884,0.930672,0.011124,0.004223,0.016750,0.016113,0.000000,0,0,0,0,0
cat_face_bass,basic,0,1900,2947.166,0.104108,0.914014,0.917408,0.910619,30,0.00037102,1,0.032478,0.045318,0.019638,0.967082,0.954876,0.979288,0.943743,0.958984,0.928502,0.010932,0.004075,0.016809,0.016357,0.000000,0,0,0,0,0
cat_face_bass,basic,0,1925,2986.713,0.104231,0.913919,0.917209,0.910629,30,0.00037427,1,0.032482,0.045218,0.019746,0.967068,0.954958,0.979179,0.943647,0.958683,0.928610,0.010881,0.004189,0.016718,0.016430,0.000000,0,0,0,0,0
cat_face_bass,basic,0,1950,3026.130,0.102197,0.915173,0.917714,0.912632,30,0.00032070,1,0.031323,0.043117,0.019529,0.968171,0.956900,0.979443,0.943869,0.957283,0.930455,0.010615,0.004004,0.016787,0.015926,0.000000,0,0,0,0,0
cat_face_bass,basic,0,1975,3065.049,0.103959,0.913650,0.916371,0.910929,30,0.00031924,1,0.031923,0.044318,0.019529,0.967572,0.955740,0.979405,0.942851,0.956983,0.928719,0.010866,0.003959,0.017072,0.016264,0.000000,0,0,0,0,0
cat_face_bass,basic,0,2000,3104.802,0.105275,0.914305,0.916563,0.912046,30,0.00035278,2,0.034046,0.046719,0.021374,0.965567,0.953565,0.977570,0.945462,0.959384,0.931540,0.011129,0.004414,0.016890,0.016196,0.000000,0,0,0,0,0
cat_face_bass,basic,0,2025,3144.954,0.103360,0.914582,0.916491,0.912673,30,0.00035551,1,0.032294,0.045818,0.018770,0.967295,0.954378,0.980213,0.944144,0.958483,0.929804,0.011148,0.003754,0.017033,0.015895,0.000000,0,0,0,0,0
cat_face_bass,basic,0,2050,3184.995,0.106272,0.913270,0.915846,0.910693,30,0.00035851,2,0.033909,0.046118,0.021699,0.965643,0.954075,0.977211,0.944269,0.958083,0.930455,0.011251,0.004358,0.017244,0.016256,0.000000,0,0,0,0,0
cat_face_bass,basic,0,2075,3224.886,0.106146,0.913790,0.916093,0.911487,30,0.00031508,2,0.033333,0.045618,0.021048,0.966213,0.954541,0.977884,0.944277,0.957883,0.930672,0.011068,0.004535,0.017073,0.016385,0.000000,0,0,0,0,0
cat_face_bass,basic,0,2100,3264.726,0.106725,0.911819,0.914373,0.909265,30,0.00028987,0,0.034584,0.046819,0.022350,0.964945,0.953368,0.976522,0.943385,0.957183,0.929587,0.011176,0.004437,0.017321,0.016424,0.000000,0,0,0,0,0
cat_face_bass,basic,0,2125,3304.628,0.108120,0.911573,0.914065,0.909081,30,0.00025058,1,0.035197,0.047719,0.022675,0.964364,0.952537,0.976190,0.943689,0.957683,0.929695,0.011590,0.004428,0.017560,0.016389,0.000000,0,0,0,0,0
cat_face_bass,basic,0,2150,3344.758,0.106164,0.912696,0.914406,0.910986,30,0.00017470,0,0.033699,0.047219,0.020180,0.965877,0.953007,0.978748,0.943476,0.957583,0.929370,0.011462,0.004008,0.017522,0.016162,0.000000,0,0,0,0,0
cat_face_bass,basic,0,2175,3385.172,0.109091,0.910725,0.913758,0.907692,30,0.00011086,1,0.034443,0.046319,0.022567,0.965028,0.953792,0.976264,0.942129,0.956082,0.928176,0.011250,0.004695,0.017590,0.016985,0.000000,0,0,0,0,0
cat_face_bass,basic,0,2200,3425.232,0.110732,0.909678,0.911585,0.907771,30,0.00006510,1,0.035027,0.046619,0.023435,0.964405,0.953414,0.975396,0.941563,0.954082,0.929044,0.011599,0.004634,0.018322,0.016730,0.000000,0,0,0,0,0
cat_face_bass,basic,0,2225,3465.726,0.110926,0.909545,0.911368,0.907722,30,0.00006854,1,0.034606,0.046319,0.022892,0.964807,0.953677,0.975938,0.941042,0.953581,0.928502,0.011489,0.004649,0.018365,0.016902,0.000000,0,0,0,0,0
cat_face_bass,basic,0,2250,3505.783,0.108318,0.912363,0.914015,0.910710,30,0.00007948,1,0.035114,0.047119,0.023109,0.964438,0.953078,0.975798,0.944420,0.957083,0.931757,0.011623,0.004567,0.017744,0.016150,0.000000,0,0,0,0,0
robot_man,basic,0,1,1.931,0.622230,0.314637,0.234700,0.394574,26,0.00112531,0,0.289264,0.194888,0.383640,0.588647,0.589993,0.587302,0.413194,0.280440,0.545949,0.039762,0.031889,0.156327,0.064830,0.000000,0,0,0,0,0
robot_man,basic,0,25,35.981,0.350656,0.536622,0.376693,0.696552,26,0.00009465,2,0.104745,0.083422,0.126068,0.845907,0.830284,0.861530,0.596241,0.408117,0.784364,0.016706,0.010268,0.115338,0.026240,0.000000,0,0,0,0,0
robot_man,basic,0,50,70.439,0.266161,0.637655,0.478635,0.796675,26,0.00059254,5,0.066208,0.057863,0.074553,0.908665,0.897441,0.919889,0.681201,0.506331,0.856070,0.011548,0.006056,0.094178,0.016689,0.000000,0,0,0,0,0
robot_man,basic,0,75,105.205,0.222789,0.700486,0.561694,0.839277,26,0.00027233,8,0.057825,0.055851,0.059798,0.925469,0.913931,0.937006,0.741265,0.593066,0.889464,0.011099,0.004602,0.078891,0.012783,0.000000,0,0,0,0,0
robot_man,basic,0,100,140.318,0.194328,0.740243,0.601261,0.879225,26,0.00014103,8,0.046398,0.051118,0.041677,0.940822,0.925169,0.956475,0.773932,0.631996,0.915868,0.010175,0.003024,0.071415,0.009201,0.000000,0,0,0,0,0
robot_man,basic,0,125,175.220,0.168157,0.784414,0.653764,0.915064,26,0.00036478,4,0.043916,0.051592,0.036241,0.946691,0.930195,0.963187,0.817860,0.687493,0.948227,0.010148,0.002502,0.061898,0.006241,0.000000,0,0,0,0,0
robot_man,basic,0,150,210.105,0.145691,0.819649,0.721798,0.917500,26,0.00021832,2,0.044297,0.053130,0.035465,0.949343,0.934672,0.964014,0.855093,0.760147,0.950039,0.010589,0.002740,0.049838,0.006271,0.000000,0,0,0,0,0
robot_man,basic,0,175,244.751,0.124638,0.846200,0.768511,0.923888,26,0.00020049,2,0.040241,0.049935,0.030546,0.955318,0.941721,0.968915,0.879498,0.806887,0.952110,0.009826,0.002372,0.041164,0.005837,0.000000,0,0,0,0,0
robot_man,basic,0,200,279.430,0.116935,0.850015,0.786030,0.914000,26,0.00035638,3,0.039505,0.043545,0.035465,0.956735,0.949589,0.963881,0.883336,0.820258,0.946415,0.008546,0.002710,0.037693,0.006579,0.000000,0,0,0,0,0
robot_man,basic,0,225,314.110,0.109266,0.854919,0.791553,0.918285,26,0.00018444,2,0.031484,0.036564,0.026404,0.965044,0.957338,0.972749,0.881513,0.820495,0.942532,0.007241,0.002088,0.036515,0.006392,0.000000,0,0,0,0,0
robot_man,basic,0,250,349.123,0.105217,0.857712,0.800686,0.914738,26,0.00012510,2,0.032020,0.034789,0.029252,0.964785,0.959704,0.969867,0.885019,0.828541,0.941496,0.006784,0.002193,0.034760,0.006583,0.000000,0,0,0,0,0
robot_man,basic,0,275,383.256,0.103689,0.858916,0.804099,0.913732,26,0.00007311,2,0.031370,0.033487,0.029252,0.965550,0.961265,0.969834,0.885743,0.831026,0.940461,0.006483,0.002292,0.034214,0.006636,0.000000,0,0,0,0,0
robot_man,basic,0,300,417.698,0.099575,0.860956,0.813731,0.908181,26,0.00007577,4,0.030952,0.027216,0.034688,0.966433,0.968467,0.964400,0.887781,0.835877,0.939684,0.005403,0.002708,0.032456,0.007166,0.000000,0,0,0,0,0
robot_man,basic,0,325,451.410,0.096033,0.864512,0.818475,0.910549,26,0.00005845,3,0.030234,0.027334,0.033135,0.967246,0.968516,0.965976,0.890783,0.840847,0.940720,0.005090,0.002625,0.031353,0.006999,0.000000,0,0,0,0,0
robot_man,basic,0,350,485.922,0.089040,0.873473,0.829945,0.917002,26,0.00007620,1,0.026755,0.024257,0.029252,0.971097,0.972256,0.969939,0.896951,0.850077,0.943826,0.004609,0.002261,0.029449,0.006457,0.000000,0,0,0,0,0
robot_man,basic,0,375,520.469,0.088405,0.875328,0.829708,0.920947,26,0.00011624,1,0.025527,0.022838,0.028216,0.972430,0.973795,0.971065,0.897795,0.848657,0.946932,0.004686,0.002114,0.029518,0.006143,0.000000,0,0,0,0,0
robot_man,basic,0,400,555.424,0.086843,0.878455,0.834084,0.922826,26,0.00009941,2,0.026954,0.024139,0.029770,0.971071,0.972518,0.969625,0.902258,0.854218,0.950298,0.004681,0.002393,0.028481,0.006065,0.000000,0,0,0,0,0
robot_man,basic,0,425,590.674,0.082651,0.884795,0.844195,0.925396,26,0.00008042,3,0.026396,0.022246,0.030546,0.971917,0.974870,0.968964,0.908319,0.862975,0.953663,0.004427,0.002464,0.026838,0.005845,0.000000,0,0,0,0,0
robot_man,basic,0,450,626.116,0.082987,0.882522,0.848148,0.916896,26,0.00010653,2,0.028267,0.022364,0.034170,0.970037,0.974857,0.965217,0.907672,0.867116,0.948227,0.004310,0.002795,0.026017,0.006558,0.000000,0,0,0,0,0
robot_man,basic,0,475,661.246,0.083764,0.883105,0.852550,0.913660,26,0.00012264,3,0.031788,0.023193,0.040383,0.966675,0.974101,0.959248,0.911440,0.872323,0.950557,0.004519,0.003240,0.025311,0.006830,0.000000,0,0,0,0,0
robot_man,basic,0,500,696.420,0.085189,0.882249,0.856466,0.908032,26,0.00013718,3,0.034084,0.023902,0.044266,0.964433,0.973466,0.955399,0.912582,0.876938,0.948227,0.004776,0.003662,0.024696,0.007305,0.000000,0,0,0,0,0
robot_man,basic,0,525,731.749,0.085980,0.879422,0.854917,0.903927,26,0.00016532,2,0.036677,0.025204,0.048149,0.961843,0.972047,0.951638,0.911957,0.876464,0.947450,0.004643,0.003893,0.024652,0.007610,0.000000,0,0,0,0,0
robot_man,basic,0,550,767.141,0.085707,0.881718,0.860973,0.902463,26,0.00011333,2,0.037450,0.023902,0.050997,0.961289,0.973602,0.948977,0.915019,0.881552,0.948486,0.004825,0.004083,0.023982,0.007697,0.000000,0,0,0,0,0
robot_man,basic,0,575,802.178,0.090330,0.875526,0.861105,0.889946,26,0.00013330,2,0.042427,0.024021,0.060834,0.956473,0.973481,0.939464,0.912937,0.881789,0.944085,0.004762,0.005038,0.023989,0.008880,0.000000,0,0,0,0,0
robot_man,basic,0,600,837.233,0.092142,0.873524,0.858727,0.888321,26,0.00015647,2,0.044158,0.024376,0.063940,0.954835,0.973037,0.936634,0.912390,0.879659,0.945120,0.004864,0.005265,0.024365,0.008990,0.000000,0,0,0,0,0
robot_man,basic,0,625,871.414,0.090882,0.873976,0.857110,0.890842,26,0.00016589,2,0.042216,0.024376,0.060057,0.956597,0.972987,0.940206,0.911173,0.878003,0.944344,0.004749,0.004924,0.024576,0.008716,0.000000,0,0,0,0,0
robot_man,basic,0,650,906.005,0.085231,0.882066,0.861073,0.903059,26,0.00018791,3,0.036614,0.023784,0.049443,0.962072,0.973729,0.950415,0.914631,0.881552,0.947709,0.004698,0.004023,0.023973,0.007676,0.000000,0,0,0,0,0
robot_man,basic,0,675,940.455,0.086596,0.878354,0.858432,0.898276,26,0.00017171,3,0.037035,0.023074,0.050997,0.961575,0.974399,0.948751,0.911162,0.878239,0.944085,0.004467,0.004243,0.024192,0.008159,0.000000,0,0,0,0,0
robot_man,basic,0,700,974.984,0.085734,0.880165,0.861701,0.898629,26,0.00013175,4,0.038544,0.019879,0.057209,0.960541,0.977880,0.943202,0.914435,0.878831,0.950039,0.003960,0.004739,0.023821,0.008127,0.000000,0,0,0,0,0
robot_man,basic,0,725,1009.197,0.087202,0.879710,0.860953,0.898466,26,0.00016237,3,0.041758,0.020353,0.063163,0.957667,0.977357,0.937977,0.916846,0.878476,0.955216,0.003979,0.005190,0.023827,0.008255,0.000000,0,0,0,0,0
robot_man,basic,0,750,1043.807,0.086378,0.879923,0.862966,0.896880,26,0.00013599,4,0.040401,0.018933,0.061869,0.958961,0.978922,0.938999,0.915836,0.879304,0.952369,0.003826,0.005085,0.023682,0.008320,0.000000,0,0,0,0,0
robot_man,basic,0,775,1078.134,0.086152,0.880978,0.862782,0.899174,26,0.00017332,3,0.042390,0.019288,0.065493,0.957276,0.978539,0.936014,0.918743,0.879423,0.958064,0.003727,0.005329,0.023496,0.008199,0.000000,0,0,0,0,0
robot_man,basic,0,800,1112.865,0.088008,0.879265,0.857873,0.900657,26,0.00019296,3,0.041107,0.019051,0.063163,0.958395,0.978673,0.938118,0.915881,0.874216,0.957546,0.003791,0.005286,0.024457,0.008133,0.000000,0,0,0,0,0
robot_man,basic,0,825,1147.550,0.088695,0.879646,0.857541,0.901751,26,0.00015084,3,0.042228,0.019998,0.064458,0.957361,0.977648,0.937074,0.917283,0.874689,0.959876,0.003840,0.005414,0.024613,0.008113,0.000000,0,0,0,0,0
robot_man,basic,0,850,1182.459,0.090259,0.877573,0.859429,0.895717,26,0.00018301,4,0.045064,0.020234,0.069894,0.954734,0.977444,0.932024,0.917571,0.876819,0.958323,0.003946,0.005903,0.024166,0.008589,0.000000,0,0,0,0,0
robot_man,basic,0,875,1217.306,0.090319,0.877311,0.857987,0.896635,26,0.00013931,3,0.045042,0.020708,0.069376,0.954714,0.976901,0.932528,0.917297,0.875754,0.958840,0.004087,0.005762,0.024434,0.008365,0.000000,0,0,0,0,0
robot_man,basic,0,900,1252.008,0.091274,0.877361,0.860683,0.894038,26,0.00013939,4,0.047128,0.021773,0.072483,0.952780,0.975840,0.929719,0.919131,0.879423,0.958840,0.004280,0.006038,0.024032,0.008659,0.000000,0,0,0,0,0
robot_man,basic,0,925,1286.789,0.094610,0.874614,0.859671,0.889557,26,0.00010117,5,0.049343,0.022838,0.075848,0.950626,0.974685,0.926566,0.918166,0.879304,0.957028,0.004628,0.006366,0.024369,0.009157,0.000000,0,0,0,0,0
robot_man,basic,0,950,1321.682,0.094067,0.874602,0.862763,0.886440,26,0.00008479,3,0.051554,0.022601,0.080507,0.948743,0.975023,0.922463,0.920034,0.882262,0.957805,0.004446,0.006690,0.023725,0.009360,0.000000,0,0,0,0,0
robot_man,basic,0,975,1356.276,0.092519,0.875753,0.862884,0.888622,26,0.00005806,3,0.050105,0.021773,0.078436,0.950123,0.975900,0.924345,0.919997,0.881671,0.958323,0.004189,0.006495,0.023692,0.009192,0.000000,0,0,0,0,0
robot_man,basic,0,1000,1390.743,0.092415,0.877330,0.863852,0.890809,26,0.00013575,4,0.050826,0.022956,0.078695,0.949492,0.974680,0.924303,0.922297,0.883682,0.960911,0.004406,0.006532,0.023482,0.009006,0.000000,0,0,0,0,0
robot_man,basic,0,1025,1424.867,0.092592,0.877987,0.865618,0.890355,26,0.00013945,4,0.051073,0.023193,0.078954,0.949268,0.974482,0.924054,0.923173,0.885694,0.960652,0.004587,0.006542,0.023301,0.009036,0.000000,0,0,0,0,0
robot_man,basic,0,1050,1459.408,0.093668,0.876992,0.861949,0.892035,26,0.00012159,4,0.051192,0.023429,0.078954,0.949157,0.974128,0.924186,0.922304,0.882144,0.962464,0.004754,0.006538,0.023717,0.008960,0.000000,0,0,0,0,0
robot_man,basic,0,1075,1493.170,0.093941,0.877961,0.861528,0.894395,26,0.00007791,4,0.050774,0.025441,0.076107,0.949364,0.972009,0.926720,0.922955,0.883446,0.962464,0.005024,0.006350,0.024024,0.008701,0.000000,0,0,0,0,0
robot_man,basic,0,1100,1526.922,0.095254,0.877027,0.858772,0.895282,26,0.00006248,2,0.051273,0.027216,0.075330,0.948751,0.970072,0.927431,0.922434,0.882144,0.962723,0.005288,0.006324,0.024421,0.008669,0.000000,0,0,0,0,0
robot_man,basic,0,1125,1560.910,0.095265,0.877881,0.862176,0.893586,26,0.00007979,5,0.052674,0.027689,0.077660,0.947535,0.969697,0.925373,0.924516,0.886049,0.962982,0.005523,0.006445,0.023929,0.008715,0.000000,0,0,0,0,0
robot_man,basic,0,1150,1595.377,0.094098,0.877513,0.864721,0.890306,26,0.00011557,3,0.051070,0.026032,0.076107,0.948952,0.971495,0.926408,0.922648,0.887232,0.958064,0.005203,0.006336,0.023598,0.008988,0.000000,0,0,0,0,0
robot_man,basic,0,1175,1629.794,0.094679,0.876039,0.863243,0.888835,26,0.00011681,4,0.050585,0.025322,0.075848,0.949349,0.972186,0.926511,0.920677,0.885102,0.956252,0.005066,0.006393,0.023737,0.009238,0.000000,0,0,0,0,0
robot_man,basic,0,1200,1664.198,0.094416,0.875201,0.864235,0.886167,26,0.00011152,2,0.051443,0.024967,0.077919,0.948584,0.972587,0.924580,0.920514,0.885812,0.955216,0.004968,0.006410,0.023572,0.009375,0.000000,0,0,0,0,0
robot_man,basic,0,1225,1698.190,0.094030,0.878081,0.864815,0.891346,26,0.00007951,4,0.051813,0.026742,0.076883,0.948303,0.970763,0.925843,0.923909,0.887942,0.959876,0.005294,0.006377,0.023466,0.008932,0.000000,0,0,0,0,0
robot_man,basic,0,1250,1732.211,0.094668,0.877448,0.865476,0.889421,26,0.00009226,2,0.054024,0.026506,0.081543,0.946443,0.971029,0.921856,0.925181,0.888416,0.961947,0.005186,0.006720,0.023294,0.009125,0.000000,0,0,0,0,0
robot_man,basic,0,1275,1766.646,0.094727,0.877256,0.864291,0.890221,26,0.00006996,2,0.053129,0.026269,0.079990,0.947214,0.971236,0.923192,0.924212,0.886996,0.961429,0.005222,0.006711,0.023279,0.009143,0.000000,0,0,0,0,0
robot_man,basic,0,1300,1801.517,0.094685,0.877382,0.866329,0.888436,26,0.00007078,2,0.052907,0.026861,0.078954,0.947296,0.970691,0.923902,0.924090,0.889599,0.958581,0.005327,0.006574,0.023241,0.009200,0.000000,0,0,0,0,0
robot_man,basic,0,1325,1836.378,0.096708,0.873661,0.864124,0.883198,26,0.00007071,3,0.054143,0.026742,0.081543,0.946044,0.970741,0.921348,0.921224,0.887232,0.955216,0.005461,0.006750,0.023421,0.009643,0.000000,0,0,0,0,0
robot_man,basic,0,1350,1871.521,0.097154,0.870832,0.863406,0.878259,26,0.00008044,4,0.053998,0.025677,0.082319,0.946061,0.971822,0.920301,0.918066,0.885576,0.950557,0.005137,0.006855,0.023545,0.010014,0.000000,0,0,0,0,0
robot_man,basic,0,1375,1906.069,0.096171,0.875755,0.863526,0.887983,26,0.00010388,2,0.053333,0.027452,0.079213,0.946820,0.969987,0.923653,0.922777,0.887232,0.958323,0.005493,0.006532,0.023793,0.009225,0.000000,0,0,0,0,0
robot_man,basic,0,1400,1940.358,0.097689,0.874157,0.865077,0.883238,26,0.00007901,2,0.055555,0.026979,0.084132,0.944881,0.970527,0.919235,0.922981,0.888416,0.957546,0.005433,0.007024,0.023595,0.009651,0.000000,0,0,0,0,0
robot_man,basic,0,1425,1974.701,0.096509,0.875580,0.865568,0.885591,26,0.00004826,2,0.054379,0.027216,0.081543,0.945922,0.970300,0.921544,0.923465,0.889126,0.957805,0.005424,0.006803,0.023475,0.009479,0.000000,0,0,0,0,0
robot_man,basic,0,1450,2009.044,0.095230,0.875570,0.868336,0.882803,26,0.00004716,1,0.053880,0.025441,0.082319,0.946450,0.972222,0.920678,0.922951,0.890427,0.955475,0.005086,0.006885,0.022972,0.009662,0.000000,0,0,0,0,0
robot_man,basic,0,1475,2043.581,0.094182,0.877613,0.866790,0.888437,26,0.00004444,1,0.053185,0.025086,0.081284,0.947265,0.972542,0.921988,0.924593,0.888534,0.960652,0.004949,0.006797,0.023227,0.009165,0.000000,0,0,0,0,0
robot_man,basic,0,1500,2078.254,0.093580,0.879255,0.867890,0.890621,26,0.00003012,2,0.052386,0.025559,0.079213,0.947974,0.972086,0.923862,0.925621,0.890072,0.961170,0.005065,0.006673,0.022995,0.009113,0.000000,0,0,0,0,0
sun_moon,basic,0,1,2.521,0.810079,0.334519,0.295839,0.373199,35,0.00014743,0,0.212724,0.277442,0.148007,0.659949,0.576657,0.743240,0.403176,0.377917,0.428435,0.062863,0.029801,0.167270,0.121888,0.000000,0,0,0,0,0
sun_moon,basic,0,25,47.586,0.488189,0.495891,0.495361,0.496422,35,0.00008414,4,0.090945,0.117761,0.064128,0.858182,0.824618,0.891745,0.540976,0.553695,0.528257,0.026158,0.012894,0.104383,0.090867,0.000000,0,0,0,0,0
sun_moon,basic,0,50,92.685,0.381368,0.605788,0.618386,0.593190,35,0.00063439,5,0.075842,0.096478,0.055205,0.897194,0.875436,0.918952,0.651992,0.678047,0.625937,0.021552,0.010915,0.077493,0.072386,0.000000,0,0,0,0,0
sun_moon,basic,0,75,137.849,0.306091,0.681866,0.684363,0.679370,35,0.00029792,4,0.063707,0.084702,0.042713,0.920358,0.897583,0.943133,0.725359,0.742329,0.708388,0.018591,0.008435,0.062836,0.056322,0.000000,0,0,0,0,0
sun_moon,basic,0,100,184.022,0.253158,0.736676,0.728613,0.744739,35,0.00011886,3,0.055009,0.069685,0.040333,0.934223,0.917928,0.950518,0.777082,0.779386,0.774777,0.015167,0.007937,0.053119,0.044539,0.000000,0,0,0,0,0
sun_moon,basic,0,125,229.564,0.224809,0.766271,0.757281,0.775262,35,0.00003053,1,0.049847,0.064715,0.034979,0.941964,0.925701,0.958227,0.804334,0.806288,0.802380,0.014023,0.006929,0.047296,0.038909,0.000000,0,0,0,0,0
sun_moon,basic,0,150,275.101,0.212048,0.776378,0.764078,0.788679,35,0.00003365,3,0.047441,0.062878,0.032005,0.945153,0.928139,0.962166,0.813021,0.812122,0.813920,0.013030,0.006299,0.045344,0.036507,0.000000,0,0,0,0,0
sun_moon,basic,0,175,320.242,0.200906,0.789927,0.767955,0.811898,35,0.00001151,2,0.043975,0.062014,0.025937,0.949569,0.929336,0.969802,0.824268,0.815579,0.832957,0.013381,0.005119,0.045056,0.032268,0.000000,0,0,0,0,0
sun_moon,basic,0,200,366.194,0.193096,0.794114,0.766946,0.821283,35,0.00002827,2,0.040116,0.058341,0.021892,0.953761,0.932944,0.974579,0.825476,0.811690,0.839262,0.012526,0.004288,0.045114,0.030407,0.000000,0,0,0,0,0
sun_moon,basic,0,225,411.846,0.183312,0.802280,0.768000,0.836561,35,0.00001991,2,0.036620,0.053371,0.019869,0.957676,0.938111,0.977242,0.831086,0.808989,0.853183,0.011338,0.004017,0.044644,0.027812,0.000000,0,0,0,0,0
sun_moon,basic,0,250,457.395,0.175837,0.807672,0.768938,0.846406,35,0.00002619,0,0.034474,0.051102,0.017847,0.960119,0.940533,0.979705,0.834872,0.808232,0.861511,0.010588,0.003536,0.044152,0.026101,0.000000,0,0,0,0,0
sun_moon,basic,0,275,502.972,0.169353,0.815545,0.773696,0.857394,35,0.00002226,0,0.032993,0.049806,0.016181,0.961995,0.942223,0.981767,0.841749,0.812230,0.871267,0.010447,0.003282,0.043255,0.024252,0.000000,0,0,0,0,0
sun_moon,basic,0,300,549.057,0.158557,0.825615,0.780993,0.870238,35,0.00004072,2,0.032128,0.049265,0.014991,0.963301,0.943291,0.983311,0.851376,0.819468,0.883284,0.009774,0.003013,0.041385,0.021895,0.000000,0,0,0,0,0
sun_moon,basic,0,325,595.573,0.147699,0.839615,0.785832,0.893397,35,0.00003783,2,0.029621,0.044728,0.014515,0.966286,0.948334,0.984238,0.863673,0.820981,0.906365,0.009327,0.002917,0.040636,0.017895,0.000000,0,0,0,0,0
sun_moon,basic,0,350,642.313,0.134139,0.852001,0.795636,0.908367,35,0.00005887,2,0.027607,0.039866,0.015348,0.968831,0.954030,0.983632,0.874832,0.827355,0.922308,0.007762,0.003057,0.038253,0.015272,0.000000,0,0,0,0,0
sun_moon,basic,0,375,688.592,0.134952,0.848117,0.800918,0.895316,35,0.00006954,3,0.025749,0.035436,0.016062,0.970835,0.959020,0.982650,0.869498,0.829300,0.909697,0.006972,0.003186,0.037263,0.017491,0.000000,0,0,0,0,0
sun_moon,basic,0,400,735.365,0.129951,0.857029,0.812768,0.901290,35,0.00003223,1,0.024452,0.034032,0.014872,0.972542,0.961082,0.984001,0.877561,0.840428,0.914694,0.007384,0.003008,0.035416,0.016559,0.000000,0,0,0,0,0
sun_moon,basic,0,425,782.005,0.127324,0.860153,0.814661,0.905645,35,0.00003247,1,0.025699,0.037597,0.013801,0.971303,0.957416,0.985191,0.881717,0.845290,0.918144,0.007647,0.002800,0.034793,0.015799,0.000000,0,0,0,0,0
sun_moon,basic,0,450,828.930,0.122506,0.866906,0.818532,0.915280,35,0.00002283,3,0.027121,0.038894,0.015348,0.970008,0.956263,0.983753,0.889848,0.850367,0.929328,0.007515,0.003098,0.033823,0.014156,0.000000,0,0,0,0,0
sun_moon,basic,0,475,875.401,0.122364,0.869821,0.823688,0.915955,35,0.00005086,2,0.028142,0.039866,0.016419,0.969098,0.955526,0.982670,0.893759,0.856525,0.930993,0.007912,0.003323,0.032922,0.014198,0.000000,0,0,0,0,0
sun_moon,basic,0,500,922.135,0.118911,0.873575,0.833455,0.913694,35,0.00003295,4,0.027970,0.038570,0.017371,0.969499,0.957343,0.981656,0.897583,0.865601,0.929566,0.007869,0.003399,0.031018,0.014341,0.000000,0,0,0,0,0
sun_moon,basic,0,525,968.293,0.118825,0.875483,0.833939,0.917027,35,0.00004979,3,0.029515,0.040946,0.018084,0.967977,0.954956,0.980998,0.900848,0.868086,0.933611,0.008096,0.003605,0.030873,0.013896,0.000000,0,0,0,0,0
sun_moon,basic,0,550,1014.511,0.121062,0.873545,0.836185,0.910906,35,0.00004124,2,0.030472,0.042027,0.018917,0.967006,0.953986,0.980025,0.899732,0.871327,0.928138,0.008325,0.003763,0.030500,0.014908,0.000000,0,0,0,0,0
sun_moon,basic,0,575,1060.610,0.121396,0.872800,0.836754,0.908847,35,0.00004512,3,0.031526,0.042351,0.020702,0.965931,0.953692,0.978171,0.899927,0.872191,0.927662,0.008228,0.004018,0.030176,0.015199,0.000000,0,0,0,0,0
sun_moon,basic,0,600,1106.577,0.120792,0.873809,0.840278,0.907340,35,0.00002662,3,0.029581,0.039650,0.019512,0.967963,0.956583,0.979342,0.899320,0.873596,0.925045,0.008152,0.003824,0.029865,0.015551,0.000000,0,0,0,0,0
sun_moon,basic,0,625,1152.658,0.119211,0.875878,0.846210,0.905546,35,0.00002791,3,0.028317,0.037597,0.019036,0.969363,0.958938,0.979788,0.900405,0.878025,0.922784,0.007869,0.003888,0.028882,0.016018,0.000000,0,0,0,0,0
sun_moon,basic,0,650,1198.737,0.120544,0.875390,0.846290,0.904490,35,0.00001518,4,0.029884,0.039542,0.020226,0.967769,0.956987,0.978552,0.901269,0.879754,0.922784,0.008241,0.004020,0.028838,0.016102,0.000000,0,0,0,0,0
sun_moon,basic,0,675,1244.704,0.119916,0.871400,0.847140,0.895660,35,0.00001888,3,0.026987,0.036841,0.017133,0.970643,0.959745,0.981541,0.894677,0.878349,0.911005,0.007653,0.003340,0.028577,0.017633,0.000000,0,0,0,0,0
sun_moon,basic,0,700,1290.692,0.115921,0.874048,0.850922,0.897174,35,0.00001172,4,0.025905,0.037057,0.014753,0.971876,0.959699,0.984053,0.896433,0.882455,0.910410,0.007630,0.002804,0.027823,0.017091,0.000000,0,0,0,0,0
sun_moon,basic,0,725,1336.368,0.108433,0.879255,0.852987,0.905523,35,0.00003792,3,0.024343,0.036193,0.012493,0.973610,0.960662,0.986557,0.900347,0.883859,0.916835,0.006932,0.002349,0.026970,0.015632,0.000000,0,0,0,0,0
sun_moon,basic,0,750,1382.317,0.104212,0.881861,0.858416,0.905305,35,0.00001936,3,0.020782,0.030143,0.011422,0.977358,0.967037,0.987680,0.899968,0.884291,0.915645,0.005863,0.002263,0.026087,0.015854,0.000000,0,0,0,0,0
sun_moon,basic,0,775,1428.083,0.100008,0.885752,0.857188,0.914316,35,0.00002636,3,0.020929,0.029602,0.012255,0.977240,0.967547,0.986932,0.904042,0.882563,0.925521,0.005417,0.002436,0.025923,0.014256,0.000000,0,0,0,0,0
sun_moon,basic,0,800,1474.069,0.101133,0.883032,0.864253,0.901811,35,0.00001372,3,0.019232,0.026685,0.011779,0.979030,0.970804,0.987255,0.899875,0.887316,0.912433,0.005128,0.002300,0.024793,0.016484,0.000000,0,0,0,0,0
sun_moon,basic,0,825,1519.650,0.095565,0.886824,0.868124,0.905525,35,0.00001780,2,0.016611,0.023228,0.009994,0.981854,0.974517,0.989191,0.901432,0.888289,0.914575,0.004392,0.001980,0.024137,0.015674,0.000000,0,0,0,0,0
sun_moon,basic,0,850,1565.645,0.093157,0.893202,0.865664,0.920740,35,0.00001508,3,0.018621,0.027010,0.010232,0.979817,0.970515,0.989119,0.909603,0.889045,0.930161,0.005156,0.001978,0.024598,0.013057,0.000000,0,0,0,0,0
sun_moon,basic,0,875,1611.480,0.092604,0.891305,0.866168,0.916441,35,0.00001250,4,0.017778,0.026037,0.009518,0.980677,0.971537,0.989817,0.906942,0.888721,0.925164,0.004808,0.001756,0.024281,0.013812,0.000000,0,0,0,0,0
sun_moon,basic,0,900,1657.663,0.094763,0.890195,0.871182,0.909209,35,0.00001855,3,0.018032,0.025713,0.010351,0.980444,0.972030,0.988858,0.906101,0.893583,0.918620,0.004882,0.002033,0.023548,0.015183,0.000000,0,0,0,0,0
sun_moon,basic,0,925,1703.602,0.095133,0.892822,0.870672,0.914971,35,0.00001754,4,0.019173,0.026685,0.011660,0.979287,0.971013,0.987560,0.909773,0.893907,0.925640,0.005417,0.002217,0.023904,0.014114,0.000000,0,0,0,0,0
sun_moon,basic,0,950,1749.850,0.091799,0.894605,0.871838,0.917373,35,0.00003328,4,0.017946,0.025065,0.010827,0.980589,0.972719,0.988459,0.910498,0.893691,0.927305,0.004927,0.002064,0.023464,0.013685,0.000000,0,0,0,0,0
sun_moon,basic,0,975,1795.495,0.092294,0.889942,0.873418,0.906467,35,0.00005295,4,0.017097,0.024201,0.009994,0.981431,0.973659,0.989202,0.905041,0.894555,0.915526,0.004370,0.001852,0.022771,0.015580,0.000000,0,0,0,0,0
sun_moon,basic,0,1000,1841.109,0.090899,0.893119,0.877254,0.908984,35,0.00003915,2,0.016843,0.024525,0.009161,0.981775,0.973438,0.990112,0.908040,0.898768,0.917311,0.004675,0.001748,0.022362,0.015044,0.000000,0,0,0,0,0
sun_moon,basic,0,1025,1886.336,0.089696,0.896103,0.875697,0.916509,35,0.00007436,2,0.017696,0.026469,0.008923,0.980919,0.971395,0.990442,0.911782,0.898876,0.924688,0.005022,0.001757,0.022546,0.013802,0.000000,0,0,0,0,0
sun_moon,basic,0,1050,1931.907,0.092064,0.890967,0.880236,0.901697,35,0.00008677,1,0.016638,0.023876,0.009399,0.981985,0.974191,0.989779,0.905713,0.901253,0.910173,0.004458,0.001822,0.021778,0.016372,0.000000,0,0,0,0,0
sun_moon,basic,0,1075,1976.969,0.089713,0.894629,0.878398,0.910860,35,0.00006965,3,0.017162,0.025281,0.009042,0.981477,0.972695,0.990258,0.909850,0.900605,0.919096,0.004808,0.001701,0.022058,0.014638,0.000000,0,0,0,0,0
sun_moon,basic,0,1100,2022.421,0.088299,0.900458,0.877285,0.923630,35,0.00008503,1,0.018912,0.028306,0.009518,0.979736,0.969577,0.989895,0.917269,0.902118,0.932421,0.005483,0.001856,0.022343,0.012603,0.000000,0,0,0,0,0
sun_moon,basic,0,1125,2066.492,0.089163,0.897585,0.882583,0.912587,35,0.00006369,0,0.016329,0.024092,0.008566,0.982408,0.974037,0.990779,0.912125,0.903846,0.920405,0.004979,0.001708,0.021640,0.014561,0.000000,0,0,0,0,0
sun_moon,basic,0,1150,2111.039,0.089071,0.894818,0.882744,0.906892,35,0.00005279,0,0.015935,0.023660,0.008209,0.982793,0.974484,0.991101,0.908983,0.903630,0.914337,0.004488,0.001633,0.021329,0.015537,0.000000,0,0,0,0,0
sun_moon,basic,0,1175,2155.469,0.089586,0.899360,0.876087,0.922632,35,0.00003830,1,0.020122,0.031439,0.008804,0.978504,0.966378,0.990629,0.917193,0.903630,0.930756,0.005933,0.001744,0.022428,0.012755,0.000000,0,0,0,0,0
sun_moon,basic,0,1200,2199.879,0.087231,0.902477,0.877613,0.927341,35,0.00002815,0,0.018550,0.028414,0.008685,0.980140,0.969479,0.990800,0.918973,0.902550,0.935396,0.005621,0.001752,0.022368,0.012021,0.000000,0,0,0,0,0
sun_moon,basic,0,1225,2243.941,0.089735,0.898562,0.878412,0.918712,35,0.00003386,0,0.018701,0.028954,0.008447,0.979962,0.968960,0.990965,0.915159,0.903846,0.926472,0.005695,0.001652,0.022198,0.013474,0.000000,0,0,0,0,0
sun_moon,basic,0,1250,2287.748,0.090596,0.896469,0.880126,0.912813,35,0.00003361,0,0.017945,0.027442,0.008447,0.980727,0.970547,0.990907,0.912401,0.904278,0.920523,0.005435,0.001646,0.021933,0.014501,0.000000,0,0,0,0,0
sun_moon,basic,0,1275,2331.874,0.090439,0.897934,0.878661,0.917207,35,0.00003096,1,0.019041,0.029278,0.008804,0.979608,0.968642,0.990574,0.914834,0.904386,0.925283,0.005878,0.001648,0.022271,0.013531,0.000000,0,0,0,0,0
sun_moon,basic,0,1300,2376.722,0.085482,0.904700,0.882470,0.926930,35,0.00002475,1,0.019074,0.028630,0.009518,0.979678,0.969424,0.989931,0.921744,0.907736,0.935753,0.005616,0.001788,0.021505,0.011973,0.000000,0,0,0,0,0
sun_moon,basic,0,1325,2420.790,0.086942,0.900180,0.885657,0.914703,35,0.00003281,0,0.017524,0.025173,0.009875,0.981223,0.973023,0.989423,0.915844,0.907952,0.923736,0.004935,0.001903,0.020809,0.014103,0.000000,0,0,0,0,0
sun_moon,basic,0,1350,2465.487,0.085560,0.901974,0.891032,0.912915,35,0.00003594,0,0.017405,0.025173,0.009637,0.981417,0.973181,0.989653,0.917587,0.913462,0.921713,0.004992,0.001841,0.019795,0.014432,0.000000,0,0,0,0,0
sun_moon,basic,0,1375,2509.826,0.082504,0.909838,0.890650,0.929026,35,0.00003818,0,0.019328,0.029494,0.009161,0.979579,0.968836,0.990323,0.927228,0.916919,0.937537,0.005855,0.001828,0.019919,0.011715,0.000000,0,0,0,0,0
sun_moon,basic,0,1400,2554.361,0.082991,0.905934,0.891133,0.920736,35,0.00002904,0,0.017901,0.027118,0.008685,0.980980,0.971225,0.990735,0.922016,0.915298,0.928733,0.005176,0.001758,0.019644,0.013174,0.000000,0,0,0,0,0
sun_moon,basic,0,1425,2599.279,0.082767,0.906036,0.895091,0.916981,35,0.00002426,0,0.018345,0.027766,0.008923,0.980575,0.970702,0.990447,0.922554,0.919944,0.925164,0.005230,0.001763,0.018863,0.013771,0.000000,0,0,0,0,0
sun_moon,basic,0,1450,2643.297,0.078570,0.912423,0.896780,0.928066,35,0.00002324,0,0.017858,0.026793,0.008923,0.981143,0.971725,0.990560,0.928578,0.920808,0.936347,0.005212,0.001770,0.018686,0.011863,0.000000,0,0,0,0,0
sun_moon,basic,0,1475,2687.748,0.078729,0.914151,0.894803,0.933498,35,0.00001883,0,0.018026,0.027010,0.009042,0.980970,0.971448,0.990492,0.930455,0.918971,0.941939,0.005481,0.001878,0.019270,0.010889,0.000000,0,0,0,0,0
sun_moon,basic,0,1500,2732.724,0.080667,0.910880,0.892380,0.929380,35,0.00003201,2,0.018572,0.027982,0.009161,0.980363,0.970400,0.990327,0.927623,0.917351,0.937894,0.005466,0.001827,0.019463,0.011742,0.000000,0,0,0,0,0
sun_moon,basic,0,1525,2777.438,0.078713,0.913777,0.894135,0.933420,35,0.00003417,2,0.019674,0.029710,0.009637,0.979308,0.968739,0.989878,0.931558,0.920700,0.942415,0.005813,0.001771,0.019052,0.010813,0.000000,0,0,0,0,0
sun_moon,basic,0,1550,2822.234,0.076314,0.918909,0.893093,0.944726,35,0.00006367,2,0.020154,0.030791,0.009518,0.978877,0.967636,0.990119,0.937155,0.920592,0.953718,0.006022,0.001867,0.019206,0.009067,0.000000,0,0,0,0,0
sun_moon,basic,0,1575,2867.144,0.079733,0.917489,0.891666,0.943312,35,0.00005264,1,0.021343,0.033168,0.009518,0.977676,0.965248,0.990104,0.936765,0.921240,0.952290,0.006819,0.001908,0.019692,0.009247,0.000000,0,0,0,0,0
sun_moon,basic,0,1600,2912.138,0.079652,0.917630,0.893029,0.942231,35,0.00004796,1,0.022191,0.035220,0.009161,0.976879,0.963301,0.990457,0.937672,0.924481,0.950863,0.007027,0.001786,0.019502,0.009291,0.000000,0,0,0,0,0
sun_moon,basic,0,1625,2956.751,0.078421,0.922816,0.889953,0.955678,35,0.00003980,2,0.024861,0.037705,0.012017,0.974251,0.960773,0.987728,0.945336,0.923509,0.967162,0.007535,0.002218,0.020015,0.006990,0.000000,0,0,0,0,0
sun_moon,basic,0,1650,3001.136,0.077230,0.921767,0.894071,0.949464,35,0.00002693,1,0.021581,0.033168,0.009994,0.977512,0.965338,0.989686,0.941339,0.923725,0.958953,0.006922,0.001877,0.019544,0.008063,0.000000,0,0,0,0,0
sun_moon,basic,0,1675,3045.869,0.077011,0.923973,0.892232,0.955713,35,0.00004292,2,0.023855,0.037597,0.010113,0.975303,0.960973,0.989633,0.945578,0.925778,0.965378,0.007576,0.001934,0.019608,0.006995,0.000000,0,0,0,0,0
sun_moon,basic,0,1700,3091.181,0.076795,0.923719,0.891286,0.956153,35,0.00002843,2,0.022958,0.036517,0.009399,0.976165,0.961975,0.990355,0.944486,0.923833,0.965140,0.007324,0.001888,0.019799,0.007073,0.000000,0,0,0,0,0
sun_moon,basic,0,1725,3136.391,0.077732,0.921679,0.894413,0.948945,35,0.00007689,1,0.022780,0.036517,0.009042,0.976374,0.962103,0.990645,0.942300,0.927074,0.957525,0.007388,0.001780,0.019191,0.008188,0.000000,0,0,0,0,0
sun_moon,basic,0,1750,3181.567,0.078554,0.923750,0.889824,0.957675,35,0.00003747,0,0.024298,0.039434,0.009161,0.974859,0.959108,0.990610,0.945681,0.924914,0.966449,0.008025,0.001848,0.020115,0.006808,0.000000,0,0,0,0,0
sun_moon,basic,0,1775,3226.302,0.085052,0.918000,0.885353,0.950648,35,0.00005042,0,0.026178,0.042243,0.010113,0.972902,0.956225,0.989578,0.941507,0.922753,0.960262,0.008818,0.001946,0.021168,0.007885,0.000000,0,0,0,0,0
sun_moon,basic,0,1800,3271.060,0.085407,0.919711,0.883065,0.956358,35,0.00005579,0,0.026815,0.044944,0.008685,0.972316,0.953556,0.991077,0.943708,0.922753,0.964664,0.009473,0.001795,0.021603,0.006997,0.000000,0,0,0,0,0
sun_moon,basic,0,1825,3316.263,0.082950,0.920221,0.884647,0.955794,35,0.00006271,1,0.025383,0.041487,0.009280,0.973692,0.956912,0.990472,0.943006,0.921348,0.964664,0.008706,0.001846,0.021236,0.007027,0.000000,0,0,0,0,0
sun_moon,basic,0,1850,3362.089,0.085327,0.918856,0.882005,0.955707,35,0.00012008,1,0.025524,0.041054,0.009994,0.973477,0.957202,0.989752,0.941737,0.918215,0.965259,0.008829,0.001986,0.021950,0.007152,0.000000,0,0,0,0,0
sun_moon,basic,0,1875,3408.044,0.086743,0.919024,0.878359,0.959689,35,0.00017144,1,0.027388,0.045376,0.009399,0.971650,0.952910,0.990390,0.943462,0.918215,0.968709,0.009563,0.001908,0.022592,0.006380,0.000000,0,0,0,0,0
sun_moon,basic,0,1900,3453.852,0.088854,0.921132,0.878563,0.963701,35,0.00019291,1,0.029662,0.049806,0.009518,0.969539,0.948766,0.990311,0.947597,0.922321,0.972873,0.010756,0.001864,0.022860,0.005725,0.000000,0,0,0,0,0
sun_moon,basic,0,1925,3499.846,0.088324,0.919957,0.878688,0.961226,35,0.00021133,1,0.028419,0.047321,0.009518,0.970690,0.951094,0.990287,0.945321,0.920268,0.970375,0.010300,0.001847,0.022772,0.006133,0.000000,0,0,0,0,0
water_fire,basic,0,1,1.824,0.595475,0.302653,0.347459,0.257848,24,0.00084117,0,0.229949,0.191579,0.268319,0.616483,0.683657,0.549310,0.370529,0.414024,0.327033,0.025724,0.039635,0.093382,0.122363,0.000000,0,0,0,0,0
water_fire,basic,0,25,32.850,0.336076,0.505210,0.521995,0.488424,24,0.00019062,2,0.093573,0.083040,0.104105,0.855058,0.871928,0.838189,0.552307,0.565341,0.539272,0.010989,0.015186,0.062075,0.073178,0.000000,0,0,0,0,0
water_fire,basic,0,50,63.992,0.247760,0.636174,0.636492,0.635856,24,0.00007697,2,0.076998,0.072974,0.081022,0.899009,0.903462,0.894556,0.685157,0.682939,0.687374,0.009572,0.011601,0.046675,0.050712,0.000000,0,0,0,0,0
water_fire,basic,0,75,95.156,0.183150,0.728324,0.737480,0.719168,24,0.00008732,3,0.058529,0.051837,0.065221,0.929452,0.937361,0.921543,0.770891,0.775709,0.766073,0.006771,0.009380,0.032969,0.038387,0.000000,0,0,0,0,0
water_fire,basic,0,100,126.603,0.144164,0.795922,0.817365,0.774480,24,0.00005690,2,0.055025,0.045294,0.064756,0.938423,0.949655,0.927190,0.839509,0.854387,0.824632,0.005813,0.009237,0.022671,0.030578,0.000000,0,0,0,0,0
water_fire,basic,0,125,157.482,0.125694,0.827183,0.845288,0.809079,24,0.00003977,0,0.052231,0.043114,0.061348,0.943353,0.953383,0.933322,0.870223,0.881731,0.858714,0.005480,0.008827,0.019079,0.025871,0.000000,0,0,0,0,0
water_fire,basic,0,150,187.915,0.115001,0.845912,0.860244,0.831580,24,0.00004244,1,0.051843,0.043114,0.060573,0.944945,0.954156,0.935733,0.889642,0.897333,0.881952,0.005484,0.008680,0.017131,0.022650,0.000000,0,0,0,0,0
water_fire,basic,0,175,218.637,0.102306,0.866226,0.876230,0.856223,24,0.00008638,2,0.048843,0.039591,0.058095,0.949044,0.958348,0.939740,0.908443,0.910921,0.905964,0.005071,0.008268,0.015182,0.019266,0.000000,0,0,0,0,0
water_fire,basic,0,200,249.424,0.091415,0.881825,0.887247,0.876403,24,0.00004775,3,0.046782,0.044456,0.049109,0.951760,0.954224,0.949296,0.923066,0.926690,0.919442,0.005514,0.007089,0.013556,0.016380,0.000000,0,0,0,0,0
water_fire,basic,0,225,280.258,0.086894,0.888090,0.880576,0.895604,24,0.00006813,2,0.046271,0.049321,0.043222,0.952556,0.949328,0.955784,0.929160,0.924006,0.934314,0.006229,0.006079,0.014548,0.013489,0.000000,0,0,0,0,0
water_fire,basic,0,250,311.123,0.086169,0.891807,0.883109,0.900505,24,0.00008920,2,0.044007,0.044791,0.043222,0.954858,0.953702,0.956015,0.931045,0.922664,0.939427,0.005970,0.006394,0.014541,0.013057,0.000000,0,0,0,0,0
water_fire,basic,0,275,341.986,0.082416,0.893219,0.883054,0.903384,24,0.00009135,3,0.042639,0.041436,0.043842,0.956230,0.956886,0.955573,0.931317,0.919644,0.942990,0.005258,0.006171,0.014318,0.012572,0.000000,0,0,0,0,0
water_fire,basic,0,300,373.275,0.079658,0.898467,0.888207,0.908727,24,0.00007049,0,0.041129,0.038416,0.043842,0.957918,0.960014,0.955823,0.935448,0.922328,0.948567,0.005107,0.006210,0.013842,0.011817,0.000000,0,0,0,0,0
water_fire,basic,0,325,404.166,0.078978,0.898543,0.891068,0.906018,24,0.00008923,2,0.039987,0.034893,0.045081,0.959047,0.963541,0.954553,0.934512,0.922161,0.946863,0.004575,0.006487,0.013384,0.012247,0.000000,0,0,0,0,0
water_fire,basic,0,350,435.429,0.074806,0.902823,0.894531,0.911114,24,0.00009032,1,0.037348,0.030700,0.043997,0.961783,0.967776,0.955791,0.936597,0.921993,0.951201,0.003977,0.006324,0.012907,0.011588,0.000000,0,0,0,0,0
water_fire,basic,0,375,466.557,0.067694,0.908701,0.893634,0.923768,24,0.00007662,1,0.033720,0.033048,0.034392,0.965348,0.965439,0.965258,0.939353,0.923167,0.955538,0.004203,0.004804,0.012905,0.009655,0.000000,0,0,0,0,0
water_fire,basic,0,400,497.637,0.062191,0.914197,0.897474,0.930921,24,0.00009436,1,0.030397,0.029190,0.031603,0.968753,0.969366,0.968140,0.942006,0.923671,0.960341,0.003744,0.004292,0.012425,0.008593,0.000000,0,0,0,0,0
water_fire,basic,0,425,528.765,0.060475,0.914469,0.898711,0.930226,24,0.00005284,1,0.029364,0.028519,0.030209,0.969755,0.970070,0.969441,0.941334,0.924342,0.958327,0.003521,0.004051,0.012116,0.008638,0.000000,0,0,0,0,0
water_fire,basic,0,450,559.904,0.060611,0.917016,0.902905,0.931128,24,0.00009801,1,0.029112,0.028015,0.030209,0.970085,0.970702,0.969469,0.943728,0.928200,0.959256,0.003475,0.004370,0.011620,0.008845,0.000000,0,0,0,0,0
water_fire,basic,0,475,591.287,0.059519,0.916379,0.901849,0.930910,24,0.00007107,1,0.028474,0.025499,0.031448,0.970727,0.973169,0.968286,0.942515,0.924845,0.960186,0.003078,0.004426,0.011647,0.008707,0.000000,0,0,0,0,0
water_fire,basic,0,500,622.568,0.059107,0.918357,0.904302,0.932412,24,0.00005983,1,0.028474,0.025499,0.031448,0.970788,0.973239,0.968336,0.944548,0.927361,0.961735,0.003207,0.004417,0.011527,0.008475,0.000000,0,0,0,0,0
water_fire,basic,0,525,653.709,0.060598,0.917102,0.905815,0.928390,24,0.00004830,2,0.029120,0.024157,0.034082,0.970169,0.974621,0.965716,0.943864,0.927697,0.960031,0.003074,0.004792,0.011321,0.009129,0.000000,0,0,0,0,0
water_fire,basic,0,550,684.715,0.061859,0.916900,0.906669,0.927132,24,0.00002412,3,0.031914,0.026338,0.037490,0.967481,0.972475,0.962486,0.946219,0.930549,0.961890,0.003241,0.005157,0.011198,0.009226,0.000000,0,0,0,0,0
water_fire,basic,0,575,715.880,0.060915,0.918127,0.907544,0.928710,24,0.00006182,1,0.030862,0.025164,0.036561,0.968538,0.973666,0.963411,0.946523,0.930381,0.962665,0.003079,0.005110,0.011118,0.009082,0.000000,0,0,0,0,0
water_fire,basic,0,600,747.286,0.060356,0.917648,0.904458,0.930838,24,0.00003328,2,0.029255,0.023654,0.034857,0.970083,0.975088,0.965078,0.944568,0.925851,0.963284,0.003006,0.004855,0.011482,0.008858,0.000000,0,0,0,0,0
water_fire,basic,0,625,778.504,0.056475,0.918259,0.898952,0.937566,24,0.00005800,1,0.024556,0.024325,0.024787,0.974557,0.974263,0.974851,0.940812,0.920819,0.960806,0.003038,0.003520,0.012159,0.007860,0.000000,0,0,0,0,0
water_fire,basic,0,650,809.120,0.053986,0.921540,0.900964,0.942115,24,0.00009132,0,0.023090,0.026506,0.019675,0.976035,0.972139,0.979930,0.942748,0.924845,0.960651,0.003420,0.002807,0.011909,0.007269,0.000000,0,0,0,0,0
water_fire,basic,0,675,839.600,0.052516,0.924337,0.906311,0.942363,24,0.00010844,0,0.023691,0.026002,0.021379,0.975534,0.972797,0.978271,0.946194,0.929878,0.962510,0.003345,0.002904,0.011256,0.007153,0.000000,0,0,0,0,0
water_fire,basic,0,700,869.846,0.049400,0.927090,0.909956,0.944225,24,0.00012995,0,0.021090,0.022815,0.019365,0.978175,0.976073,0.980278,0.946613,0.930716,0.962510,0.002894,0.002678,0.010747,0.006943,0.000000,0,0,0,0,0
water_fire,basic,0,725,899.712,0.047884,0.929888,0.913929,0.945847,24,0.00010267,1,0.019870,0.021305,0.018435,0.979453,0.977684,0.981221,0.948342,0.933400,0.963284,0.002720,0.002633,0.010374,0.006840,0.000000,0,0,0,0,0
water_fire,basic,0,750,929.490,0.045211,0.931041,0.915914,0.946168,24,0.00009080,0,0.020109,0.021473,0.018745,0.979244,0.977564,0.980924,0.949743,0.935581,0.963904,0.002545,0.002387,0.009918,0.006491,0.000000,0,0,0,0,0
water_fire,basic,0,775,959.052,0.045641,0.931529,0.917860,0.945197,24,0.00008413,0,0.018393,0.019124,0.017661,0.980968,0.979965,0.981971,0.948652,0.935414,0.961890,0.002452,0.002435,0.009882,0.006800,0.000000,0,0,0,0,0
water_fire,basic,0,800,989.420,0.046524,0.931062,0.917434,0.944689,24,0.00007195,0,0.019741,0.019963,0.019520,0.979624,0.979112,0.980136,0.949439,0.935749,0.963129,0.002461,0.002744,0.009905,0.006826,0.000000,0,0,0,0,0
water_fire,basic,0,825,1019.156,0.044419,0.932768,0.920475,0.945062,24,0.00005108,1,0.017373,0.016776,0.017971,0.982027,0.982391,0.981663,0.948981,0.935917,0.962045,0.002215,0.002528,0.009596,0.006666,0.000000,0,0,0,0,0
water_fire,basic,0,850,1049.950,0.044817,0.933446,0.917325,0.949566,24,0.00004751,1,0.017676,0.018621,0.016731,0.981713,0.980461,0.982965,0.949930,0.934407,0.965453,0.002289,0.002602,0.009774,0.006504,0.000000,0,0,0,0,0
water_fire,basic,0,875,1080.318,0.044030,0.933490,0.918192,0.948788,24,0.00004270,3,0.016766,0.017111,0.016421,0.982632,0.982007,0.983257,0.949136,0.933904,0.964369,0.002131,0.002426,0.009777,0.006526,0.000000,0,0,0,0,0
water_fire,basic,0,900,1110.419,0.045320,0.931747,0.916887,0.946608,24,0.00005854,1,0.017857,0.017279,0.018435,0.981524,0.981812,0.981236,0.948394,0.932729,0.964059,0.002304,0.002514,0.010012,0.006605,0.000000,0,0,0,0,0
water_fire,basic,0,925,1140.472,0.043698,0.934388,0.919637,0.949140,24,0.00008581,1,0.016979,0.016608,0.017351,0.982447,0.982546,0.982348,0.950259,0.934910,0.965608,0.002110,0.002518,0.009608,0.006427,0.000000,0,0,0,0,0
water_fire,basic,0,950,1170.739,0.042524,0.934030,0.918388,0.949672,24,0.00007319,2,0.015618,0.015434,0.015802,0.983802,0.983720,0.983884,0.948620,0.932562,0.964679,0.002006,0.002173,0.009805,0.006208,0.000000,0,0,0,0,0
water_fire,basic,0,975,1200.989,0.042946,0.934286,0.919459,0.949114,24,0.00008640,1,0.015114,0.016440,0.013788,0.984293,0.982713,0.985873,0.948387,0.934575,0.962200,0.002152,0.002085,0.009663,0.006484,0.000000,0,0,0,0,0
water_fire,basic,0,1000,1231.409,0.043243,0.934322,0.919855,0.948788,24,0.00006162,1,0.016850,0.017279,0.016421,0.982563,0.981869,0.983257,0.950059,0.935749,0.964369,0.002150,0.002374,0.009567,0.006377,0.000000,0,0,0,0,0
water_fire,basic,0,1025,1261.552,0.041586,0.934537,0.919182,0.949893,24,0.00008708,1,0.015604,0.017111,0.014098,0.983801,0.982026,0.985576,0.949097,0.934910,0.963284,0.002025,0.001984,0.009566,0.006185,0.000000,0,0,0,0,0
water_fire,basic,0,1050,1291.997,0.042607,0.934553,0.917641,0.951465,24,0.00007124,1,0.016740,0.018453,0.015027,0.982658,0.980637,0.984679,0.950169,0.934575,0.965763,0.002360,0.002017,0.009897,0.005910,0.000000,0,0,0,0,0
water_fire,basic,0,1075,1321.934,0.040378,0.937027,0.922174,0.951879,24,0.00006676,1,0.014682,0.015266,0.014098,0.984781,0.983956,0.985606,0.950775,0.936252,0.965298,0.001953,0.001988,0.009321,0.005919,0.000000,0,0,0,0,0
water_fire,basic,0,1100,1352.279,0.039634,0.937887,0.922481,0.953292,24,0.00007825,1,0.014365,0.017111,0.011619,0.985092,0.982090,0.988095,0.951317,0.938265,0.964369,0.002024,0.001749,0.009199,0.005875,0.000000,0,0,0,0,0
water_fire,basic,0,1125,1382.982,0.041234,0.935136,0.920119,0.950152,24,0.00008540,1,0.016353,0.016440,0.016266,0.983079,0.982725,0.983433,0.950427,0.935246,0.965608,0.001963,0.002126,0.009496,0.005979,0.000000,0,0,0,0,0
water_fire,basic,0,1150,1413.813,0.040272,0.936801,0.921578,0.952024,24,0.00008510,1,0.015024,0.016105,0.013943,0.984427,0.983093,0.985762,0.950859,0.936420,0.965298,0.001966,0.001964,0.009295,0.005898,0.000000,0,0,0,0,0
water_fire,basic,0,1175,1444.431,0.042009,0.937006,0.922314,0.951699,24,0.00005658,1,0.015831,0.014930,0.016731,0.983652,0.984301,0.983003,0.951853,0.936085,0.967622,0.001928,0.002495,0.009358,0.006099,0.000000,0,0,0,0,0
water_fire,basic,0,1200,1475.640,0.040754,0.936591,0.919365,0.953816,24,0.00007544,1,0.014140,0.015266,0.013013,0.985310,0.983908,0.986711,0.949814,0.933400,0.966228,0.001959,0.001944,0.009615,0.005856,0.000000,0,0,0,0,0
water_fire,basic,0,1225,1506.807,0.037448,0.939268,0.922708,0.955828,24,0.00008795,1,0.011829,0.013588,0.010070,0.987678,0.985679,0.989678,0.950349,0.935246,0.965453,0.001686,0.001452,0.009219,0.005551,0.000000,0,0,0,0,0
water_fire,basic,0,1250,1538.966,0.039357,0.937365,0.922007,0.952723,24,0.00010014,1,0.012817,0.013085,0.012548,0.986672,0.986185,0.987159,0.949375,0.934071,0.964679,0.001635,0.001847,0.009353,0.005937,0.000000,0,0,0,0,0
water_fire,basic,0,1275,1571.190,0.039983,0.935726,0.918883,0.952570,24,0.00010718,1,0.015618,0.015434,0.015802,0.983830,0.983728,0.983932,0.950343,0.933065,0.967622,0.001698,0.002104,0.009409,0.005793,0.000000,0,0,0,0,0
water_fire,basic,0,1300,1603.573,0.038769,0.937411,0.920840,0.953983,24,0.00011876,1,0.014211,0.015098,0.013323,0.985255,0.984105,0.986405,0.950717,0.934742,0.966692,0.001701,0.001817,0.009286,0.005658,0.000000,0,0,0,0,0
water_fire,basic,0,1325,1635.595,0.038308,0.938059,0.921601,0.954518,24,0.00011546,1,0.012939,0.014259,0.011619,0.986542,0.984974,0.988110,0.950175,0.934742,0.965608,0.001635,0.001705,0.009226,0.005712,0.000000,0,0,0,0,0
water_fire,basic,0,1350,1667.705,0.039408,0.936550,0.923306,0.949794,24,0.00010979,1,0.013966,0.012750,0.015182,0.985524,0.986549,0.984499,0.949646,0.935078,0.964214,0.001459,0.002095,0.009090,0.006134,0.000000,0,0,0,0,0
water_fire,basic,0,1375,1699.107,0.036741,0.939503,0.923944,0.955061,24,0.00009400,1,0.011242,0.012414,0.010070,0.988286,0.986903,0.989669,0.950046,0.935414,0.964679,0.001464,0.001536,0.008926,0.005661,0.000000,0,0,0,0,0
water_fire,basic,0,1400,1730.127,0.038828,0.937462,0.921968,0.952956,24,0.00013475,1,0.013417,0.012582,0.014253,0.986085,0.986702,0.985468,0.950053,0.933568,0.966538,0.001439,0.002023,0.009166,0.005874,0.000000,0,0,0,0,0
water_fire,basic,0,1425,1761.609,0.038807,0.938335,0.922708,0.953961,24,0.00014313,1,0.013223,0.013588,0.012858,0.986273,0.985679,0.986867,0.950737,0.935246,0.966228,0.001608,0.001918,0.009139,0.005807,0.000000,0,0,0,0,0
water_fire,basic,0,1450,1793.553,0.038846,0.939104,0.926866,0.951342,24,0.00014079,1,0.013611,0.011575,0.015647,0.985935,0.987805,0.984064,0.951911,0.937594,0.966228,0.001513,0.002180,0.008726,0.006032,0.000000,0,0,0,0,0
water_fire,basic,0,1475,1825.710,0.038235,0.939369,0.927318,0.951421,24,0.00014126,1,0.013675,0.013253,0.014098,0.985845,0.986092,0.985599,0.952220,0.939607,0.964833,0.001582,0.002037,0.008508,0.006036,0.000000,0,0,0,0,0
water_fire,basic,0,1500,1858.008,0.038411,0.939205,0.927318,0.951093,24,0.00015259,1,0.013443,0.013253,0.013633,0.986074,0.986092,0.986056,0.951833,0.939607,0.964059,0.001533,0.002012,0.008555,0.006167,0.000000,0,0,0,0,0
water_fire,basic,0,1525,1889.709,0.039613,0.938944,0.928536,0.949352,24,0.00014278,1,0.013617,0.011743,0.015492,0.985920,0.987654,0.984185,0.951749,0.939440,0.964059,0.001559,0.002295,0.008569,0.006370,0.000000,0,0,0,0,0
water_fire,basic,0,1550,1921.793,0.037828,0.940650,0.930783,0.950518,24,0.00011661,1,0.015295,0.013085,0.017506,0.984267,0.986313,0.982222,0.955060,0.942963,0.967157,0.001503,0.002271,0.008169,0.005987,0.000000,0,0,0,0,0
water_fire,basic,0,1575,1953.300,0.037116,0.944152,0.934348,0.953956,24,0.00012317,1,0.015269,0.014427,0.016112,0.984329,0.985007,0.983650,0.958577,0.947828,0.969326,0.001618,0.002381,0.007625,0.005891,0.000000,0,0,0,0,0
water_fire,basic,0,1600,1985.117,0.037879,0.941608,0.934250,0.948967,24,0.00010783,1,0.016451,0.012917,0.019985,0.983152,0.986534,0.979771,0.957125,0.946318,0.967932,0.001382,0.002663,0.007639,0.006207,0.000000,0,0,0,0,0
water_fire,basic,0,1625,2016.440,0.039105,0.942478,0.937043,0.947912,24,0.00014009,1,0.015019,0.009898,0.020139,0.984624,0.989649,0.979598,0.956660,0.946318,0.967002,0.001346,0.002918,0.007665,0.006509,0.000000,0,0,0,0,0
water_fire,basic,0,1650,2048.080,0.040045,0.941160,0.939303,0.943017,24,0.00010586,2,0.018259,0.011575,0.024942,0.981404,0.987964,0.974844,0.958357,0.950176,0.966538,0.001369,0.003315,0.007164,0.006966,0.000000,0,0,0,0,0
water_fire,basic,0,1675,2079.115,0.037707,0.943891,0.938102,0.949681,24,0.00013954,2,0.014980,0.010904,0.019055,0.984662,0.988632,0.980691,0.958054,0.948331,0.967777,0.001425,0.002688,0.007354,0.006309,0.000000,0,0,0,0,0
water_fire,basic,0,1700,2110.247,0.038477,0.943963,0.940063,0.947863,24,0.00013729,1,0.016277,0.010401,0.022153,0.983407,0.989168,0.977646,0.959351,0.949841,0.968861,0.001366,0.003102,0.007099,0.006506,0.000000,0,0,0,0,0
water_fire,basic,0,1725,2141.005,0.039569,0.944305,0.941743,0.946866,24,0.00012596,1,0.017065,0.010736,0.023393,0.982637,0.988846,0.976428,0.960435,0.951854,0.969016,0.001357,0.003466,0.006863,0.006848,0.000000,0,0,0,0,0
water_fire,basic,0,1750,2171.739,0.037930,0.944109,0.940786,0.947432,24,0.00010089,1,0.017013,0.011407,0.022618,0.982670,0.988153,0.977187,0.960190,0.951518,0.968861,0.001474,0.002974,0.007016,0.006354,0.000000,0,0,0,0,0
water_fire,basic,0,1775,2202.059,0.040751,0.940255,0.934736,0.945774,24,0.00010771,1,0.017761,0.012750,0.022773,0.981855,0.986711,0.976999,0.956983,0.946653,0.967312,0.001596,0.003153,0.007739,0.006662,0.000000,0,0,0,0,0
water_fire,basic,0,1800,2233.083,0.036816,0.943224,0.937832,0.948617,24,0.00010987,1,0.015483,0.011911,0.019055,0.984137,0.987605,0.980669,0.957847,0.949002,0.966692,0.001440,0.002506,0.007258,0.006179,0.000000,0,0,0,0,0
water_fire,basic,0,1825,2263.698,0.038411,0.943418,0.937686,0.949150,24,0.00011889,1,0.016425,0.012246,0.020604,0.983218,0.987262,0.979173,0.958938,0.949170,0.968706,0.001609,0.002804,0.007454,0.006193,0.000000,0,0,0,0,0
water_fire,basic,0,1850,2294.677,0.036785,0.945895,0.938982,0.952809,24,0.00012969,1,0.014702,0.011743,0.017661,0.984951,0.987790,0.982112,0.959822,0.950008,0.969636,0.001375,0.002726,0.007161,0.006060,0.000000,0,0,0,0,0
water_fire,basic,0,1875,2325.845,0.035759,0.947279,0.942046,0.952511,24,0.00013479,1,0.014024,0.010233,0.017816,0.985658,0.989362,0.981955,0.960583,0.951686,0.969481,0.001293,0.002665,0.006869,0.006016,0.000000,0,0,0,0,0
water_fire,basic,0,1900,2357.105,0.036294,0.946056,0.940728,0.951383,24,0.00012522,1,0.016464,0.013253,0.019675,0.983205,0.986287,0.980122,0.961648,0.953196,0.970101,0.001726,0.002506,0.007025,0.005788,0.000000,0,0,0,0,0
water_fire,basic,0,1925,2388.677,0.036673,0.945609,0.939821,0.951397,24,0.00009419,1,0.015948,0.011911,0.019985,0.983726,0.987631,0.979822,0.960713,0.951015,0.970411,0.001555,0.002634,0.007213,0.005854,0.000000,0,0,0,0,0
water_fire,basic,0,1950,2420.524,0.034951,0.948180,0.941537,0.954823,24,0.00011479,1,0.013972,0.012917,0.015027,0.985684,0.986637,0.984732,0.961435,0.953699,0.969171,0.001595,0.002300,0.006885,0.005681,0.000000,0,0,0,0,0
water_fire,basic,0,1975,2452.375,0.035054,0.947082,0.941820,0.952345,24,0.00008317,1,0.014792,0.012079,0.017506,0.984871,0.987487,0.982255,0.961106,0.953196,0.969016,0.001508,0.002411,0.006805,0.005794,0.000000,0,0,0,0,0
water_fire,basic,0,2000,2484.451,0.037929,0.943957,0.940514,0.947400,24,0.00010256,1,0.017206,0.012414,0.021998,0.982458,0.987130,0.977785,0.960215,0.952189,0.968242,0.001511,0.002904,0.007063,0.006347,0.000000,0,0,0,0,0
water_fire,basic,0,2025,2515.065,0.034869,0.947191,0.941683,0.952700,24,0.00006006,0,0.015586,0.012582,0.018590,0.984090,0.986977,0.981203,0.961971,0.953531,0.970411,0.001442,0.002488,0.006792,0.005709,0.000000,0,0,0,0,0
water_fire,basic,0,2050,2546.585,0.035234,0.947851,0.943459,0.952243,24,0.00009097,0,0.015167,0.011743,0.018590,0.984521,0.987847,0.981194,0.962242,0.954538,0.969946,0.001541,0.002501,0.006735,0.005797,0.000000,0,0,0,0,0
water_fire,basic,0,2075,2577.205,0.034777,0.948816,0.942928,0.954704,24,0.00008199,0,0.016651,0.014092,0.019210,0.983059,0.985477,0.980640,0.964630,0.956215,0.973044,0.001814,0.002406,0.006767,0.005318,0.000000,0,0,0,0,0
water_fire,basic,0,2100,2608.120,0.031564,0.952720,0.944242,0.961198,24,0.00006387,0,0.012501,0.010904,0.014098,0.987224,0.988705,0.985743,0.964643,0.954538,0.974748,0.001369,0.002099,0.006607,0.004817,0.000000,0,0,0,0,0
water_fire,basic,0,2125,2638.587,0.033942,0.949911,0.943874,0.955947,24,0.00007070,0,0.016541,0.013253,0.019830,0.983199,0.986332,0.980065,0.965643,0.956383,0.974903,0.001514,0.002668,0.006444,0.005274,0.000000,0,0,0,0,0
water_fire,basic,0,2150,2669.133,0.037024,0.947265,0.939059,0.955471,24,0.00005656,1,0.017567,0.015769,0.019365,0.982121,0.983737,0.980505,0.963920,0.953867,0.973974,0.002056,0.002629,0.007327,0.005308,0.000000,0,0,0,0,0
water_fire,basic,0,2175,2699.528,0.038962,0.945273,0.935675,0.954870,24,0.00007059,0,0.018315,0.017111,0.019520,0.981340,0.982338,0.980343,0.962597,0.951686,0.973509,0.002353,0.002588,0.007864,0.005415,0.000000,0,0,0,0,0
water_fire,basic,0,2200,2729.875,0.037576,0.944307,0.934193,0.954421,24,0.00006317,0,0.017135,0.014595,0.019675,0.982510,0.984835,0.980184,0.960513,0.947828,0.973199,0.001754,0.002644,0.007780,0.005488,0.000000,0,0,0,0,0
water_fire,basic,0,2225,2760.195,0.038871,0.941703,0.931126,0.952280,24,0.00005235,1,0.016309,0.013253,0.019365,0.983294,0.986148,0.980441,0.957093,0.943466,0.970720,0.001672,0.002651,0.008273,0.005741,0.000000,0,0,0,0,0
water_fire,basic,0,2250,2790.058,0.039443,0.942434,0.930075,0.954794,24,0.00006789,0,0.016819,0.012414,0.021224,0.982842,0.986988,0.978697,0.958339,0.941621,0.975058,0.001527,0.003019,0.008376,0.005640,0.000000,0,0,0,0,0
water_fire,basic,0,2275,2819.580,0.040234,0.939308,0.924760,0.953855,24,0.00007308,0,0.016425,0.012246,0.020604,0.983180,0.987087,0.979274,0.954797,0.936085,0.973509,0.001511,0.002822,0.009042,0.005633,0.000000,0,0,0,0,0
water_fire,basic,0,2300,2849.480,0.039449,0.938494,0.921419,0.955569,24,0.00007002,0,0.015018,0.011911,0.018125,0.984548,0.987387,0.981710,0.952642,0.932394,0.972889,0.001484,0.002430,0.009434,0.005373,0.000000,0,0,0,0,0
water_fire,basic,0,2325,2879.042,0.038706,0.938343,0.922681,0.954005,24,0.00007887,0,0.014134,0.011072,0.017196,0.985430,0.988271,0.982588,0.951654,0.932897,0.970411,0.001362,0.002261,0.009254,0.005542,0.000000,0,0,0,0,0
water_fire,basic,0,2350,2909.214,0.039200,0.938940,0.922504,0.955376,24,0.00007791,0,0.015141,0.013085,0.017196,0.984403,0.986192,0.982613,0.953190,0.934575,0.971805,0.001490,0.002449,0.009173,0.005476,0.000000,0,0,0,0,0
water_fire,basic,0,2375,2939.373,0.038253,0.939401,0.923702,0.955101,24,0.00007309,0,0.012907,0.011407,0.014407,0.986642,0.987937,0.985347,0.951550,0.934239,0.968861,0.001526,0.002014,0.009228,0.005449,0.000000,0,0,0,0,0
water_fire,basic,0,2400,2969.560,0.039937,0.937351,0.920690,0.954012,24,0.00008303,0,0.014211,0.011072,0.017351,0.985341,0.988246,0.982437,0.950725,0.930884,0.970565,0.001481,0.002304,0.009646,0.005562,0.000000,0,0,0,0,0
