step,seconds,loss,mean_iou,view1_iou,view2_iou,patches,overlap,overlap_repaired_pairs,mean_spill,view1_spill,view2_spill,mean_precision,view1_precision,view2_precision,mean_coverage,view1_coverage,view2_coverage,view1_negative_space,view2_negative_space,view1_silhouette,view2_silhouette,lambda_count,total_adds,total_splits,total_deletes,count_active,target_reached
1,2.044,1.578093,0.215764,0.252570,0.178957,20,0.00002536,0,0.151473,0.134831,0.168114,0.617170,0.680082,0.554259,0.247834,0.286625,0.209042,0.030563,0.033912,0.708203,0.787313,0.000000,0,0,0,0,0
25,36.864,1.159855,0.390345,0.403057,0.377633,20,0.00008001,0,0.088673,0.081569,0.095776,0.827214,0.842380,0.812048,0.424867,0.435933,0.413801,0.018039,0.019013,0.558724,0.581732,0.000000,0,0,0,0,0
50,445.742,0.839400,0.554972,0.512896,0.597048,23,0.00021622,1,0.086882,0.101664,0.072100,0.873138,0.847513,0.898764,0.602567,0.565039,0.640095,0.022562,0.014285,0.430011,0.355098,0.000000,2,1,0,0,0
75,486.618,0.614807,0.675611,0.584174,0.767048,23,0.00027080,0,0.097706,0.134615,0.060797,0.880832,0.831188,0.930476,0.738248,0.662813,0.813682,0.030080,0.012002,0.332909,0.181668,0.000000,2,1,0,0,0
100,929.473,0.515094,0.727601,0.618112,0.837089,25,0.00034761,3,0.094679,0.133319,0.056038,0.890251,0.840114,0.940387,0.792258,0.700519,0.883998,0.029806,0.010781,0.296794,0.112915,0.000000,5,1,1,0,0
125,972.388,0.457000,0.756625,0.650908,0.862342,25,0.00026052,4,0.088529,0.124352,0.052707,0.899945,0.854763,0.945126,0.819821,0.731850,0.907793,0.027907,0.010074,0.265638,0.090010,0.000000,5,1,1,0,0
150,1445.831,0.401651,0.782941,0.692591,0.873291,27,0.00014652,4,0.079114,0.114088,0.044140,0.912508,0.871188,0.953827,0.841723,0.771608,0.911838,0.025446,0.008430,0.225211,0.085447,0.000000,7,2,2,0,0
175,1492.351,0.372222,0.799755,0.710330,0.889181,27,0.00008862,2,0.078664,0.115925,0.041404,0.914807,0.872414,0.957201,0.859336,0.792675,0.925996,0.025998,0.008069,0.205204,0.072040,0.000000,7,2,2,0,0
200,2012.435,0.341916,0.815775,0.729419,0.902132,29,0.00005872,3,0.077490,0.116789,0.038192,0.917714,0.874609,0.960820,0.875596,0.814607,0.936585,0.026339,0.007385,0.183812,0.061155,0.000000,10,2,3,0,0
225,2062.706,0.311923,0.830815,0.748132,0.913498,29,0.00011450,3,0.074621,0.113548,0.035693,0.921848,0.880050,0.963645,0.889592,0.833081,0.946104,0.025335,0.006878,0.165634,0.052007,0.000000,10,2,3,0,0
250,2644.886,0.279845,0.847504,0.776076,0.918931,31,0.00022739,5,0.070238,0.107282,0.033195,0.927616,0.889013,0.966219,0.904385,0.859334,0.949435,0.024111,0.006591,0.139188,0.048767,0.000000,12,2,3,0,0
275,2699.270,0.249721,0.861852,0.795728,0.927976,31,0.00029800,4,0.062467,0.097450,0.027484,0.935797,0.899610,0.971983,0.913376,0.873271,0.953480,0.021751,0.005233,0.125240,0.044061,0.000000,12,2,3,0,0
300,3318.116,0.218651,0.878029,0.820571,0.935488,34,0.00026317,3,0.056398,0.089239,0.023557,0.942605,0.909221,0.975988,0.925662,0.893799,0.957525,0.019853,0.004438,0.104812,0.040765,0.000000,15,2,3,0,0
325,3377.839,0.186828,0.894506,0.842824,0.946187,34,0.00029553,7,0.055688,0.083297,0.028079,0.944170,0.916396,0.971945,0.942892,0.913029,0.972754,0.018680,0.005232,0.086108,0.025599,0.000000,15,2,3,0,0
350,4041.210,0.176861,0.900402,0.847843,0.952960,32,0.00016335,4,0.056984,0.087079,0.026889,0.943467,0.913677,0.973258,0.950128,0.921672,0.978584,0.019654,0.004999,0.077829,0.019944,0.000000,15,2,5,0,0
375,4098.222,0.167809,0.904961,0.852678,0.957244,32,0.00013253,5,0.054692,0.085350,0.024033,0.945816,0.915562,0.976069,0.952852,0.925454,0.980250,0.018907,0.004697,0.074106,0.017833,0.000000,15,2,5,0,0
400,4761.468,0.157431,0.910541,0.859364,0.961717,32,0.00018701,6,0.053216,0.083946,0.022487,0.947488,0.917332,0.977644,0.957424,0.931504,0.983343,0.018565,0.004373,0.068111,0.014913,0.000000,15,2,5,0,1
425,4818.990,0.147472,0.915509,0.868172,0.962846,32,0.00032733,3,0.046744,0.071953,0.021535,0.953404,0.928233,0.978575,0.957110,0.930640,0.983581,0.015915,0.004116,0.068564,0.014915,0.000000,15,2,5,0,1
450,5459.802,0.144028,0.916860,0.871818,0.961901,31,0.00024334,8,0.045377,0.069576,0.021178,0.954730,0.930566,0.978895,0.957374,0.932476,0.982272,0.015347,0.004063,0.066668,0.015533,0.000000,15,2,6,0,1
475,5514.874,0.139363,0.919367,0.875897,0.962838,31,0.00029061,4,0.045167,0.069036,0.021297,0.955068,0.931335,0.978802,0.959854,0.936366,0.983343,0.015205,0.004136,0.062597,0.014661,0.000000,15,2,6,0,1
500,6158.491,0.133608,0.922221,0.883818,0.960624,31,0.00031599,7,0.042087,0.062878,0.021297,0.958009,0.937264,0.978754,0.960237,0.939391,0.981083,0.013851,0.004030,0.059667,0.017017,0.000000,15,2,6,0,1
525,6213.934,0.129154,0.924937,0.885097,0.964777,31,0.00022134,5,0.040358,0.060609,0.020107,0.959665,0.939351,0.979979,0.961459,0.938742,0.984176,0.013454,0.003871,0.060000,0.014030,0.000000,15,2,6,0,1
550,6862.028,0.127877,0.925068,0.889229,0.960908,31,0.00017883,5,0.040905,0.059205,0.022606,0.959186,0.940859,0.977512,0.962252,0.941876,0.982629,0.013004,0.004295,0.057451,0.015302,0.000000,15,2,6,0,1
575,6917.598,0.124884,0.926551,0.890148,0.962954,31,0.00017860,5,0.039765,0.058232,0.021297,0.960292,0.941780,0.978804,0.962723,0.941984,0.983462,0.012669,0.004042,0.057180,0.014597,0.000000,15,2,6,0,1
600,7548.130,0.122275,0.928930,0.894391,0.963469,31,0.00017904,3,0.036544,0.053695,0.019393,0.963366,0.946095,0.980637,0.962285,0.942416,0.982153,0.011865,0.003840,0.056821,0.016079,0.000000,15,2,6,0,1
625,7603.149,0.120142,0.929855,0.894423,0.965288,31,0.00010657,4,0.034966,0.051966,0.017965,0.964853,0.947661,0.982045,0.961766,0.940903,0.982629,0.011486,0.003437,0.058210,0.015504,0.000000,15,2,6,0,1
650,8209.365,0.115122,0.932321,0.896825,0.967817,29,0.00010828,2,0.032421,0.048185,0.016657,0.967297,0.951241,0.983353,0.961989,0.940039,0.983938,0.010532,0.003166,0.058762,0.014275,0.000000,15,2,8,0,1
675,8261.529,0.116162,0.931408,0.898226,0.964590,29,0.00012219,3,0.032919,0.047753,0.018084,0.966814,0.951710,0.981918,0.961577,0.941119,0.982035,0.010474,0.003326,0.057752,0.016026,0.000000,15,2,8,1,1
700,9166.964,0.121460,0.929283,0.893428,0.965138,26,0.00012577,3,0.032113,0.047213,0.017014,0.967462,0.951962,0.982962,0.958584,0.935609,0.981559,0.010480,0.003235,0.063328,0.016673,0.000000,15,2,11,1,1
725,9214.122,0.113874,0.933736,0.899979,0.967492,26,0.00020719,2,0.029156,0.044512,0.013801,0.970457,0.954790,0.986124,0.960442,0.940039,0.980845,0.009801,0.002692,0.059059,0.017333,0.000000,15,2,11,1,1
750,9995.405,0.121486,0.929989,0.890142,0.969837,22,0.00017492,3,0.025117,0.044404,0.005830,0.974237,0.954414,0.994059,0.952579,0.929667,0.975491,0.009726,0.001038,0.069276,0.022515,0.000000,15,2,15,1,1
775,10035.562,0.104032,0.939632,0.902242,0.977022,22,0.00031117,4,0.022788,0.041054,0.004521,0.976768,0.958122,0.995415,0.960361,0.939283,0.981440,0.008971,0.000759,0.059526,0.016902,0.000000,15,2,15,1,1
800,10705.459,0.176160,0.899815,0.852124,0.947505,19,0.00022061,4,0.024436,0.042567,0.006306,0.973853,0.954276,0.993430,0.920938,0.888397,0.953480,0.009235,0.001120,0.110222,0.043921,0.000000,15,2,18,1,1
825,10740.665,0.151399,0.914227,0.861866,0.966588,19,0.00036742,2,0.024932,0.045700,0.004164,0.973734,0.951740,0.995728,0.935933,0.901253,0.970613,0.009917,0.000695,0.097632,0.027855,0.000000,15,2,18,1,1
850,11340.605,0.164525,0.905468,0.855232,0.955705,18,0.00004283,4,0.024534,0.041811,0.007258,0.973847,0.955177,0.992517,0.926815,0.890990,0.962641,0.008940,0.001133,0.107709,0.034771,0.000000,15,2,19,1,1
875,11374.236,0.147818,0.915590,0.863392,0.967788,18,0.00014248,3,0.025872,0.047105,0.004640,0.972864,0.950477,0.995250,0.938170,0.904062,0.972278,0.010090,0.000813,0.095062,0.025457,0.000000,15,2,19,1,1
900,11946.597,0.149759,0.914571,0.866266,0.962875,16,0.00021383,2,0.025031,0.043755,0.006306,0.973688,0.953841,0.993534,0.936559,0.904170,0.968947,0.009295,0.001036,0.094787,0.030121,0.000000,15,2,21,1,1
925,11976.472,0.143369,0.918216,0.865757,0.970675,16,0.00045256,2,0.025403,0.044620,0.006187,0.973344,0.952983,0.993705,0.940533,0.904386,0.976681,0.009557,0.001012,0.094498,0.022176,0.000000,15,2,21,1,1
950,12487.328,0.169892,0.904205,0.839200,0.969209,15,0.00068196,1,0.021011,0.037381,0.004640,0.977043,0.958829,0.995257,0.922138,0.870570,0.973706,0.008112,0.000815,0.127615,0.024914,0.000000,15,2,22,1,1
975,12514.900,0.136117,0.922340,0.870026,0.974654,15,0.00066279,0,0.022194,0.039866,0.004521,0.976599,0.957795,0.995403,0.941885,0.904710,0.979060,0.008485,0.000781,0.094109,0.019554,0.000000,15,2,22,1,1
1000,12985.980,0.133037,0.924660,0.873011,0.976309,15,0.00052512,0,0.021594,0.038786,0.004402,0.977258,0.958985,0.995531,0.943739,0.906871,0.980607,0.008477,0.000774,0.092264,0.018142,0.000000,15,2,22,1,1
1025,13013.378,0.133179,0.923578,0.871691,0.975465,15,0.00029916,0,0.022269,0.040730,0.003807,0.976579,0.957032,0.996127,0.943187,0.907195,0.979179,0.008632,0.000644,0.091399,0.019243,0.000000,15,2,22,1,1
1050,13483.205,0.132150,0.924901,0.873855,0.975948,15,0.00027288,0,0.021097,0.038029,0.004164,0.977766,0.959762,0.995769,0.943550,0.907087,0.980012,0.008361,0.000698,0.091588,0.018795,0.000000,15,2,22,1,1
1075,13510.352,0.131651,0.925404,0.873115,0.977693,15,0.00024442,0,0.020761,0.038786,0.002736,0.978103,0.958990,0.997217,0.943674,0.906979,0.980369,0.008466,0.000551,0.091438,0.018582,0.000000,15,2,22,1,1
1100,13977.005,0.130756,0.925273,0.875104,0.975442,15,0.00021064,0,0.019578,0.036301,0.002855,0.979301,0.961512,0.997089,0.942549,0.906871,0.978227,0.007861,0.000461,0.091903,0.019930,0.000000,15,2,22,1,1
1125,14004.004,0.132533,0.924824,0.872190,0.977459,15,0.00021522,0,0.020442,0.038029,0.002855,0.978392,0.959689,0.997095,0.942804,0.905359,0.980250,0.008242,0.000558,0.093504,0.018389,0.000000,15,2,22,1,1
1150,14473.132,0.152881,0.914115,0.852439,0.975792,14,0.00022346,0,0.019675,0.036733,0.002617,0.978713,0.960094,0.997332,0.931049,0.883751,0.978346,0.008066,0.000499,0.114996,0.020438,0.000000,15,2,23,1,1
1175,14498.851,0.153964,0.913168,0.851609,0.974727,14,0.00024555,0,0.020113,0.037489,0.002736,0.978252,0.959296,0.997208,0.930465,0.883535,0.977394,0.008133,0.000555,0.115060,0.021068,0.000000,15,2,23,1,1
1200,14938.699,0.152185,0.914221,0.852745,0.975697,14,0.00019740,0,0.019395,0.035220,0.003569,0.979001,0.961634,0.996368,0.930979,0.882779,0.979179,0.007685,0.000672,0.116004,0.019512,0.000000,15,2,23,1,1
1225,14964.252,0.150223,0.915504,0.852690,0.978318,14,0.00019790,0,0.020232,0.036301,0.004164,0.978160,0.960540,0.995779,0.933017,0.883643,0.982391,0.007960,0.000759,0.115061,0.016824,0.000000,15,2,23,1,1
1250,15407.861,0.149249,0.915747,0.852338,0.979157,14,0.00022638,0,0.021065,0.037489,0.004640,0.977317,0.959330,0.995305,0.933996,0.884291,0.983700,0.008227,0.000835,0.114713,0.014694,0.000000,15,2,23,1,1
1275,15433.456,0.148700,0.916056,0.851520,0.980592,14,0.00021502,0,0.021476,0.037597,0.005354,0.976891,0.959184,0.994598,0.934688,0.883535,0.985842,0.008242,0.000936,0.114867,0.013475,0.000000,15,2,23,1,1
1300,15873.061,0.149202,0.915823,0.850603,0.981043,14,0.00023153,0,0.021313,0.038462,0.004164,0.977033,0.958275,0.995791,0.934223,0.883319,0.985128,0.008353,0.000695,0.115122,0.014286,0.000000,15,2,23,1,1
1325,15898.437,0.149725,0.915337,0.849870,0.980803,14,0.00022282,0,0.021956,0.039866,0.004045,0.976373,0.956837,0.995909,0.934261,0.883751,0.984771,0.008591,0.000701,0.115118,0.013901,0.000000,15,2,23,1,1
1350,16338.004,0.148844,0.916103,0.851420,0.980785,14,0.00024682,0,0.020723,0.038354,0.003093,0.977643,0.958421,0.996866,0.933947,0.884075,0.983819,0.008394,0.000534,0.114812,0.014666,0.000000,15,2,23,1,1
1375,16363.080,0.148309,0.916429,0.850998,0.981861,14,0.00024651,0,0.021664,0.039758,0.003569,0.976695,0.956999,0.996391,0.935099,0.884831,0.985366,0.008645,0.000590,0.113923,0.013733,0.000000,15,2,23,1,1
1400,16799.392,0.149051,0.915571,0.849481,0.981661,14,0.00022388,0,0.023539,0.041487,0.005592,0.974788,0.955208,0.994367,0.935937,0.884723,0.987151,0.008939,0.000950,0.114291,0.011590,0.000000,15,2,23,1,1
1425,16824.904,0.145636,0.917972,0.852183,0.983760,14,0.00022841,0,0.021507,0.039326,0.003688,0.976883,0.957487,0.996279,0.936542,0.885696,0.987388,0.008517,0.000727,0.113275,0.011390,0.000000,15,2,23,1,1
1450,17265.837,0.145639,0.917397,0.854275,0.980519,14,0.00022146,0,0.023206,0.038678,0.007733,0.975233,0.958231,0.992234,0.937709,0.887316,0.988102,0.008409,0.001409,0.111343,0.011034,0.000000,15,2,23,1,1
1475,17291.298,0.160971,0.907079,0.862465,0.951694,14,0.00018542,0,0.037355,0.035328,0.039381,0.961827,0.961941,0.961712,0.941054,0.892934,0.989173,0.007764,0.008006,0.105441,0.010190,0.000000,15,2,23,1,1
1500,17744.147,0.148004,0.916780,0.852157,0.981403,14,0.00018533,1,0.020676,0.036949,0.004402,0.977709,0.959864,0.995554,0.934683,0.883643,0.985723,0.008127,0.000891,0.114861,0.013371,0.000000,15,2,23,1,1
